Unix,Date,Symbol,Open,High,Low,Close,Volume ETH,Volume USDT,tradecount
1502928000000,2017-08-17,ETHUSDT,301.13,312.18,298.0,302.0,7030.71034,2154655.3003566,4522
1503014400000,2017-08-18,ETHUSDT,302.0,311.79,283.94,293.96,9537.84646,2858946.5093539,5658
1503100800000,2017-08-19,ETHUSDT,293.31,299.9,278.0,290.91,2146.19773,620022.5898617,1795
1503187200000,2017-08-20,ETHUSDT,289.41,300.53,282.85,299.1,2510.13871,742847.8945599,2038
1503273600000,2017-08-21,ETHUSDT,299.1,346.52,294.6,323.29,5219.44542,1689472.341214,3925
1503360000000,2017-08-22,ETHUSDT,321.04,330.41,144.21,309.8,7956.35088,2454425.8033137,6577
1503446400000,2017-08-23,ETHUSDT,312.25,324.99,309.41,315.74,8665.72569,2753464.9450408,8540
1503532800000,2017-08-24,ETHUSDT,315.74,328.04,314.01,323.42,6753.27192,2159417.1141537,6495
1503619200000,2017-08-25,ETHUSDT,323.42,338.28,323.42,327.24,7125.96962,2354162.038294,7452
1503705600000,2017-08-26,ETHUSDT,327.24,335.44,323.41,330.79,4877.68521,1601994.3773166,4400
1503792000000,2017-08-27,ETHUSDT,332.18,348.13,330.73,348.13,4635.43715,1554477.3581603,4973
1503878400000,2017-08-28,ETHUSDT,348.11,351.0,331.95,346.0,4279.1817,1463758.1691041,4526
1503964800000,2017-08-29,ETHUSDT,347.0,377.6,346.0,374.7,3032.13425,1102069.6205809,3265
1504051200000,2017-08-30,ETHUSDT,374.7,393.71,362.05,385.93,4446.59608,1679526.2125115,4812
1504137600000,2017-08-31,ETHUSDT,384.64,389.36,377.78,384.79,4435.86855,1704441.3942666,4574
1504224000000,2017-09-01,ETHUSDT,386.44,394.39,383.18,388.46,4198.68434,1635227.6137661,4124
1504310400000,2017-09-02,ETHUSDT,388.58,394.32,320.08,343.14,8240.32724,2904008.4613861,8217
1504396800000,2017-09-03,ETHUSDT,343.56,367.28,320.08,341.77,5253.62211,1801702.6178029,6153
1504483200000,2017-09-04,ETHUSDT,339.29,344.55,267.94,283.77,6737.81061,2002446.181802,7403
1504569600000,2017-09-05,ETHUSDT,286.81,321.52,235.55,312.09,8344.41924,2397490.9178386,8999
1504656000000,2017-09-06,ETHUSDT,313.29,336.34,312.09,335.0,5486.30988,1793962.8584994,7089
1504742400000,2017-09-07,ETHUSDT,335.01,342.5,320.17,334.49,3103.89745,1027135.6869524,2635
1504828800000,2017-09-08,ETHUSDT,334.49,335.1,272.0,302.99,4915.75693,1494309.8866163,3227
1504915200000,2017-09-09,ETHUSDT,300.01,307.0,281.66,296.74,2740.58822,813750.3589359,1956
1505001600000,2017-09-10,ETHUSDT,296.72,302.78,261.03,293.5,4156.45099,1181903.7721999,2494
1505088000000,2017-09-11,ETHUSDT,293.51,304.98,285.21,297.3,4829.64647,1436811.8161569,3490
1505174400000,2017-09-12,ETHUSDT,297.78,316.46,286.01,293.96,5176.31402,1573452.4124519,5279
1505260800000,2017-09-13,ETHUSDT,293.93,294.5,257.05,276.91,6451.22836,1761080.8976069,4527
1505347200000,2017-09-14,ETHUSDT,275.76,283.77,215.0,215.21,12601.95676,3110767.7805647,8166
1505433600000,2017-09-15,ETHUSDT,217.0,270.93,192.0,253.0,14223.8953,3319311.826735,9198
1505520000000,2017-09-16,ETHUSDT,255.99,271.81,235.51,249.31,10362.06011,2647152.3723708,8859
1505606400000,2017-09-17,ETHUSDT,249.32,264.39,239.02,257.55,4614.53337,1149704.2949294,5277
1505692800000,2017-09-18,ETHUSDT,257.53,306.22,257.11,294.57,4125.97051,1182937.633574,3440
1505779200000,2017-09-19,ETHUSDT,296.0,300.0,277.41,284.0,1869.90852,535773.5652001,1896
1505865600000,2017-09-20,ETHUSDT,284.01,294.0,275.91,282.0,1060.56734,302739.7337531,1431
1505952000000,2017-09-21,ETHUSDT,285.1,287.0,252.1,257.0,1912.55583,516193.1970608,2751
1506038400000,2017-09-22,ETHUSDT,258.0,272.97,253.01,264.0,1464.5125,382962.217943,2144
1506124800000,2017-09-23,ETHUSDT,259.99,286.23,255.11,285.93,2824.33572,788810.3244239,3901
1506211200000,2017-09-24,ETHUSDT,286.5,294.61,275.0,282.0,5575.54422,1582877.4871329,8022
1506297600000,2017-09-25,ETHUSDT,282.0,299.0,281.34,294.42,5870.48035,1705551.9921018,9165
1506384000000,2017-09-26,ETHUSDT,294.42,296.81,286.24,287.9,4566.92804,1332125.1654396,7329
1506470400000,2017-09-27,ETHUSDT,289.91,313.0,286.13,309.74,5518.10382,1641896.8743651,8208
1506556800000,2017-09-28,ETHUSDT,309.81,311.81,296.89,302.44,6600.90922,2009233.8887105,10534
1506643200000,2017-09-29,ETHUSDT,302.44,303.0,274.0,292.22,11089.19902,3213725.0903979,13098
1506729600000,2017-09-30,ETHUSDT,292.62,307.49,292.22,304.36,4020.60795,1214456.8380462,8168
1506816000000,2017-10-01,ETHUSDT,305.13,306.0,294.0,303.95,5060.05758,1518988.30299,8900
1506902400000,2017-10-02,ETHUSDT,303.94,305.0,295.0,296.5,3710.83747,1116501.2248122,7454
1506988800000,2017-10-03,ETHUSDT,298.15,301.99,283.18,292.48,5546.85702,1622460.7267746,9327
1507075200000,2017-10-04,ETHUSDT,292.47,297.97,288.0,291.99,4014.88792,1176260.2171869,7233
1507161600000,2017-10-05,ETHUSDT,290.0,297.44,285.53,294.81,3412.39016,994768.4954065,6125
1507248000000,2017-10-06,ETHUSDT,294.78,310.8,293.78,310.8,3541.02359,1063779.3539251,6064
1507334400000,2017-10-07,ETHUSDT,309.9,318.5,303.6,311.01,2165.79076,672026.6685328,4289
1507420800000,2017-10-08,ETHUSDT,311.08,317.07,309.0,311.07,2960.93198,923989.787554,6247
1507507200000,2017-10-09,ETHUSDT,311.13,312.13,286.65,297.19,4885.37863,1462524.6249531,8680
1507593600000,2017-10-10,ETHUSDT,297.35,308.56,293.0,298.64,6749.27468,2028540.4729273,9392
1507680000000,2017-10-11,ETHUSDT,300.88,305.5,298.02,304.01,3724.6863,1125331.5033572,4079
1507766400000,2017-10-12,ETHUSDT,304.01,310.0,302.71,303.99,7827.75596,2397065.1633671,4956
1507852800000,2017-10-13,ETHUSDT,303.52,353.96,297.0,337.96,17925.36585,5832987.2559101,9898
1507939200000,2017-10-14,ETHUSDT,337.96,349.8,335.0,342.0,7731.96469,2655702.1145455,5703
1508025600000,2017-10-15,ETHUSDT,342.0,348.0,316.17,337.96,10011.34708,3326752.5971166,6822
1508112000000,2017-10-16,ETHUSDT,337.5,354.0,332.78,335.19,8663.47097,2956522.0417874,6586
1508198400000,2017-10-17,ETHUSDT,335.18,336.58,312.65,315.19,8146.74356,2638150.8892904,6837
1508284800000,2017-10-18,ETHUSDT,315.19,318.0,284.68,309.7,12908.0454,3915770.1544675,9801
1508371200000,2017-10-19,ETHUSDT,311.52,315.0,300.0,308.66,8678.74739,2675399.8602425,6769
1508457600000,2017-10-20,ETHUSDT,308.66,311.18,302.0,304.51,8739.31764,2667391.8997551,6812
1508544000000,2017-10-21,ETHUSDT,304.51,305.34,290.0,298.94,8591.63121,2558677.4115428,6343
1508630400000,2017-10-22,ETHUSDT,298.99,306.99,290.0,293.79,7173.06893,2120546.5470225,5828
1508716800000,2017-10-23,ETHUSDT,293.78,294.6,272.2,281.09,9658.78404,2743010.9877028,6524
1508803200000,2017-10-24,ETHUSDT,282.27,310.0,275.5,297.38,14066.67924,4253110.3195806,8026
1508889600000,2017-10-25,ETHUSDT,295.43,300.0,281.0,294.49,9703.09261,2840747.3846263,6796
1508976000000,2017-10-26,ETHUSDT,294.1,299.76,291.03,294.71,7813.02717,2306446.3337328,6557
1509062400000,2017-10-27,ETHUSDT,294.72,298.1,292.03,296.33,6272.14802,1852704.4161056,5899
1509148800000,2017-10-28,ETHUSDT,296.14,297.0,290.1,291.87,5848.86589,1715796.7941936,5589
1509235200000,2017-10-29,ETHUSDT,291.86,309.4,291.86,305.0,9019.13315,2716332.8153886,6947
1509321600000,2017-10-30,ETHUSDT,305.0,316.0,302.1,307.25,8946.12026,2751568.6365363,6421
1509408000000,2017-10-31,ETHUSDT,305.95,309.99,304.01,304.9,7640.41182,2347542.8648317,7744
1509494400000,2017-11-01,ETHUSDT,304.89,305.9,286.34,287.01,9843.1666,2948801.7063006,12038
1509580800000,2017-11-02,ETHUSDT,287.3,293.0,274.73,283.12,13423.8572,3810829.6596733,13600
1509667200000,2017-11-03,ETHUSDT,283.12,307.0,282.0,304.08,8194.03465,2400297.6347816,8973
1509753600000,2017-11-04,ETHUSDT,304.09,304.99,292.11,298.04,7828.41744,2333944.7608054,9036
1509840000000,2017-11-05,ETHUSDT,298.1,302.14,293.13,295.53,6638.42119,1974433.013513,7513
1509926400000,2017-11-06,ETHUSDT,295.19,305.58,290.11,297.97,7515.50103,2233482.6122626,7898
1510012800000,2017-11-07,ETHUSDT,297.25,303.52,287.0,291.78,9418.57881,2765345.5827772,8788
1510099200000,2017-11-08,ETHUSDT,291.31,320.0,290.02,303.02,15961.85772,4839176.806813,14402
1510185600000,2017-11-09,ETHUSDT,303.6,329.0,299.5,317.87,11151.29946,3527294.7503346,8208
1510272000000,2017-11-10,ETHUSDT,318.5,322.65,285.82,293.5,15597.16557,4762536.5850516,9253
1510358400000,2017-11-11,ETHUSDT,293.52,318.0,291.91,310.02,10850.16279,3282643.0277861,8646
1510444800000,2017-11-12,ETHUSDT,310.87,316.99,281.01,305.24,21123.15319,6345603.7706789,13661
1510531200000,2017-11-13,ETHUSDT,304.0,318.88,303.7,312.99,15551.67434,4852265.3955649,9066
1510617600000,2017-11-14,ETHUSDT,313.0,337.54,312.94,335.61,17709.2227,5756893.4527936,11711
1510704000000,2017-11-15,ETHUSDT,335.6,339.0,324.0,331.33,15597.16131,5178507.4572747,10036
1510790400000,2017-11-16,ETHUSDT,330.98,334.75,321.41,331.49,14145.71696,4638262.2625835,9493
1510876800000,2017-11-17,ETHUSDT,331.49,334.6,323.84,331.23,18042.02544,5954175.9400211,11548
1510963200000,2017-11-18,ETHUSDT,331.2,349.9,326.01,346.66,14361.4973,4780354.335408,10690
1511049600000,2017-11-19,ETHUSDT,346.66,373.56,343.07,354.15,19397.74898,6895884.0624029,10509
1511136000000,2017-11-20,ETHUSDT,355.15,372.5,353.9,367.42,18277.0194,6600961.958264,11553
1511222400000,2017-11-21,ETHUSDT,367.42,375.5,350.02,362.12,26237.64398,9556690.2312402,14762
1511308800000,2017-11-22,ETHUSDT,362.12,384.84,359.0,380.65,18121.58484,6654403.0898495,10386
1511395200000,2017-11-23,ETHUSDT,380.63,425.0,370.02,405.0,25409.00111,10084943.0895568,12731
1511481600000,2017-11-24,ETHUSDT,405.03,475.0,392.8,469.0,30398.35831,13089282.2114721,15706
1511568000000,2017-11-25,ETHUSDT,467.57,484.47,450.0,461.82,21428.63117,9958206.2564553,13282
1511654400000,2017-11-26,ETHUSDT,461.0,465.0,436.14,462.84,21691.11759,9854650.9432016,13955
1511740800000,2017-11-27,ETHUSDT,462.84,486.94,453.0,472.31,23761.11416,11199192.4016095,15797
1511827200000,2017-11-28,ETHUSDT,472.32,477.5,453.5,466.17,23967.24816,11224970.9334287,12944
1511913600000,2017-11-29,ETHUSDT,466.17,515.0,385.0,421.7,51313.49571,23657537.251193,23835
1512000000000,2017-11-30,ETHUSDT,421.92,460.0,387.01,427.43,45184.22265,19125706.0007665,22805
1512086400000,2017-12-01,ETHUSDT,428.05,465.97,413.74,457.51,33072.21995,14471054.869735,19944
1512172800000,2017-12-02,ETHUSDT,457.53,471.91,445.0,457.63,25796.14,11883272.7996642,18388
1512259200000,2017-12-03,ETHUSDT,457.31,485.9,440.11,460.3,24490.05997,11436416.9241977,21404
1512345600000,2017-12-04,ETHUSDT,460.3,470.98,445.0,466.67,23182.65949,10662508.8497644,20049
1512432000000,2017-12-05,ETHUSDT,466.66,468.67,445.21,452.26,25387.11695,11663673.2864895,19373
1512518400000,2017-12-06,ETHUSDT,452.26,455.1,400.0,411.01,38638.76036,16767914.2566097,24522
1512604800000,2017-12-07,ETHUSDT,413.5,427.61,375.01,406.33,41343.73269,16842079.0919012,30163
1512691200000,2017-12-08,ETHUSDT,406.52,456.78,390.0,442.56,41064.60305,17430991.9590521,42348
1512777600000,2017-12-09,ETHUSDT,442.56,488.0,426.4,460.0,41918.34044,19341744.4130386,35517
1512864000000,2017-12-10,ETHUSDT,460.0,460.05,403.2,427.35,34919.25938,15125760.6157025,32416
1512950400000,2017-12-11,ETHUSDT,427.35,512.0,427.35,508.7,29763.16644,13776239.5826501,28773
1513036800000,2017-12-12,ETHUSDT,508.44,639.27,494.89,620.0,59387.02259,33241867.0335295,66420
1513123200000,2017-12-13,ETHUSDT,622.0,705.69,539.93,683.99,57694.18773,36344921.4647994,55759
1513209600000,2017-12-14,ETHUSDT,683.98,747.6,630.5,679.76,60919.26902,41882857.095261,51279
1513296000000,2017-12-15,ETHUSDT,679.76,689.0,594.6,674.95,39778.16165,25891535.6969439,38469
1513382400000,2017-12-16,ETHUSDT,673.75,712.0,669.22,682.81,26866.0533,18466770.7325109,25236
1513468800000,2017-12-17,ETHUSDT,681.8,728.0,680.33,707.64,31398.4476,22242667.2153362,36094
1513555200000,2017-12-18,ETHUSDT,707.62,798.88,638.0,784.0,45673.70777,32799947.5744694,40460
1513641600000,2017-12-19,ETHUSDT,784.0,864.9,729.01,798.0,69423.62125,55123972.0160901,57020
1513728000000,2017-12-20,ETHUSDT,798.0,828.0,661.0,790.21,72526.28416,55604509.7531012,58344
1513814400000,2017-12-21,ETHUSDT,794.62,845.99,705.98,782.41,78222.53998,62052521.6509025,57627
1513900800000,2017-12-22,ETHUSDT,784.0,796.0,504.99,635.97,154630.49482,98661808.4822484,113138
1513987200000,2017-12-23,ETHUSDT,635.15,714.99,627.97,640.34,79001.05634,53738833.8806143,79260
1514073600000,2017-12-24,ETHUSDT,640.33,667.64,563.49,658.0,95431.94156,59101715.1506293,108808
1514160000000,2017-12-25,ETHUSDT,659.4,744.0,599.99,714.95,78544.84102,55108579.6840084,86060
1514246400000,2017-12-26,ETHUSDT,713.12,750.0,712.56,750.0,60052.47905,44216631.9019637,78690
1514332800000,2017-12-27,ETHUSDT,750.0,766.05,693.18,739.89,51339.2782,38102246.9866603,72364
1514419200000,2017-12-28,ETHUSDT,739.89,744.93,645.88,707.89,72679.61288,50030889.1110455,94413
1514505600000,2017-12-29,ETHUSDT,709.5,757.87,703.0,733.99,64028.12647,46838775.8175808,89024
1514592000000,2017-12-30,ETHUSDT,732.9,735.0,635.82,681.06,89879.99994,61752153.6610781,123765
1514678400000,2017-12-31,ETHUSDT,680.01,740.0,672.86,733.98,62628.24458,44570894.7990617,92610
1514764800000,2018-01-01,ETHUSDT,733.01,763.55,716.8,754.99,53909.25885,40049370.5949261,75314
1514851200000,2018-01-02,ETHUSDT,754.99,899.5,749.06,855.28,113257.78355,95749946.0604656,142511
1514937600000,2018-01-03,ETHUSDT,855.13,950.01,810.0,934.03,89041.45688,78173093.7121992,118866
1515024000000,2018-01-04,ETHUSDT,934.03,1009.72,890.01,940.0,102894.47384,97740086.5903057,132633
1515110400000,2018-01-05,ETHUSDT,940.0,1045.0,930.0,959.3,97374.0163,95739901.4760194,124438
1515196800000,2018-01-06,ETHUSDT,958.0,1017.56,950.0,1004.11,71954.27895,71196052.3406679,91685
1515283200000,2018-01-07,ETHUSDT,1003.71,1125.0,999.9,1123.09,65278.81957,70126945.1735654,89192
1515369600000,2018-01-08,ETHUSDT,1123.09,1239.18,910.0,1133.18,158831.54798,176599793.2112688,171664
1515456000000,2018-01-09,ETHUSDT,1133.18,1326.5,1104.85,1291.0,118702.88684,143246762.0845697,152628
1515542400000,2018-01-10,ETHUSDT,1291.0,1440.0,1201.1,1247.0,160185.0129,210902815.468832,191352
1515628800000,2018-01-11,ETHUSDT,1249.03,1332.49,1021.0,1138.93,194546.29387,230792205.8753742,210914
1515715200000,2018-01-12,ETHUSDT,1136.45,1288.5,1069.01,1253.87,93763.47261,113367281.7651159,117851
1515801600000,2018-01-13,ETHUSDT,1253.87,1427.01,1252.0,1388.02,75893.43201,101824625.2584041,115872
1515888000000,2018-01-14,ETHUSDT,1388.1,1391.89,1220.89,1347.0,98391.19585,128517479.7160451,124920
1515974400000,2018-01-15,ETHUSDT,1347.99,1383.13,1258.12,1271.0,69236.70476,90732886.2410553,105410
1516060800000,2018-01-16,ETHUSDT,1268.67,1275.01,780.0,1000.0,343889.36509,355819297.4570526,304696
1516147200000,2018-01-17,ETHUSDT,999.99,1075.51,755.0,1000.0,436333.67326,398063123.6629532,391331
1516233600000,2018-01-18,ETHUSDT,1000.0,1075.2,924.21,994.0,294545.71207,296964713.70633006,278162
1516320000000,2018-01-19,ETHUSDT,993.3,1079.0,941.0,1032.5,167954.11253,171217738.3162249,171662
1516406400000,2018-01-20,ETHUSDT,1032.5,1165.4,1031.0,1152.75,123352.58362,137333158.1283754,139129
1516492800000,2018-01-21,ETHUSDT,1150.37,1152.69,998.0,1049.0,175031.00789,186353755.5731615,189013
1516579200000,2018-01-22,ETHUSDT,1049.0,1090.15,908.0,993.0,185212.52002,185276703.3811457,200594
1516665600000,2018-01-23,ETHUSDT,993.0,1030.0,909.0,980.0,160159.63958,156053774.3099319,188114
1516752000000,2018-01-24,ETHUSDT,981.2,1074.0,953.09,1061.0,134257.7947,135793371.3035906,164024
1516838400000,2018-01-25,ETHUSDT,1060.34,1115.0,1030.26,1056.52,119415.93495,127855243.1699191,140455
1516924800000,2018-01-26,ETHUSDT,1055.29,1082.0,986.0,1051.03,145113.638,150237011.3005197,168271
1517011200000,2018-01-27,ETHUSDT,1051.03,1127.99,1032.2,1118.99,96894.33839,105043056.376824,130125
1517097600000,2018-01-28,ETHUSDT,1118.99,1277.0,1112.0,1251.96,143510.73586,173283524.8751675,191653
1517184000000,2018-01-29,ETHUSDT,1251.96,1258.89,1161.65,1177.01,105292.76808,126282956.2386049,172601
1517270400000,2018-01-30,ETHUSDT,1177.01,1186.85,1051.0,1085.5,155278.55404,173857602.7647266,257484
1517356800000,2018-01-31,ETHUSDT,1084.63,1135.0,1029.0,1124.81,100372.03783,109226169.403087,191394
1517443200000,2018-02-01,ETHUSDT,1125.96,1164.99,981.0,1041.94,203355.29052,220810878.73135087,343466
1517529600000,2018-02-02,ETHUSDT,1041.89,1047.2,783.67,922.3,377375.22874,348077470.8172215,501434
1517616000000,2018-02-03,ETHUSDT,923.67,998.0,851.0,971.0,160037.88129,150132852.1698307,277958
1517702400000,2018-02-04,ETHUSDT,971.0,975.0,789.0,823.56,186446.0316,163419119.0113931,291397
1517788800000,2018-02-05,ETHUSDT,821.6,862.47,634.94,697.92,365516.52899,270801309.654192,430516
1517875200000,2018-02-06,ETHUSDT,697.93,798.0,570.1,779.25,648944.4204,435291131.0454776,685832
1517961600000,2018-02-07,ETHUSDT,779.99,849.0,714.18,754.0,356403.4441,282259408.6878273,394597
1518048000000,2018-02-08,ETHUSDT,753.19,786.93,751.0,781.66,10516.2619,8110366.5479331,8507
1518134400000,2018-02-09,ETHUSDT,781.66,882.2,781.66,877.0,95447.67289,81316368.0204354,196544
1518220800000,2018-02-10,ETHUSDT,876.3,911.2,800.0,851.15,214818.06768,184921264.97540712,342039
1518307200000,2018-02-11,ETHUSDT,851.15,857.0,768.28,808.99,189323.408,154647315.018998,318895
1518393600000,2018-02-12,ETHUSDT,808.58,877.56,807.46,866.66,143586.93121,122610007.8569921,300970
1518480000000,2018-02-13,ETHUSDT,866.39,871.0,820.0,841.57,110305.93537,92966057.3765568,234604
1518566400000,2018-02-14,ETHUSDT,841.57,924.99,841.3,919.09,150342.85558,133514830.8970484,297425
1518652800000,2018-02-15,ETHUSDT,919.09,946.66,895.59,924.55,155637.78524,143817533.1415603,308893
1518739200000,2018-02-16,ETHUSDT,924.55,948.48,901.36,938.67,115540.16349,107292023.6432389,247188
1518825600000,2018-02-17,ETHUSDT,938.6,974.0,933.48,969.99,110091.03618,105637458.5323033,224139
1518912000000,2018-02-18,ETHUSDT,969.99,978.5,897.0,911.0,160129.79518,149501060.8539962,287445
1518998400000,2018-02-19,ETHUSDT,911.0,956.22,906.04,938.11,80099.49534,75083849.3754466,188985
1519084800000,2018-02-20,ETHUSDT,939.17,961.0,873.0,882.99,120056.67502,111258169.9826999,225795
1519171200000,2018-02-21,ETHUSDT,882.99,908.88,812.87,835.89,176200.55151,151739402.984687,324214
1519257600000,2018-02-22,ETHUSDT,836.35,871.96,786.6,801.49,137561.85113,112939926.7169096,265430
1519344000000,2018-02-23,ETHUSDT,801.47,885.0,785.99,851.6,154507.41338,130147658.0064479,283445
1519430400000,2018-02-24,ETHUSDT,851.59,875.0,805.0,833.94,89311.5794,75082869.2722153,180745
1519516800000,2018-02-25,ETHUSDT,833.92,849.5,813.18,841.19,59431.26474,49520472.1940726,134040
1519603200000,2018-02-26,ETHUSDT,841.46,882.0,833.0,867.98,74911.4656,64498089.203572,135463
1519689600000,2018-02-27,ETHUSDT,867.98,897.49,860.69,870.11,63487.68425,55793476.980172,113151
1519776000000,2018-02-28,ETHUSDT,871.84,891.0,850.3,853.5,53620.45209,46744924.419776,102553
1519862400000,2018-03-01,ETHUSDT,853.5,879.96,848.65,870.63,43785.00503,37976139.7517369,89476
1519948800000,2018-03-02,ETHUSDT,870.63,876.22,850.0,856.28,39436.26006,34068626.3832595,77178
1520035200000,2018-03-03,ETHUSDT,856.27,870.78,852.3,856.02,34170.2942,29487108.37488,65375
1520121600000,2018-03-04,ETHUSDT,856.51,868.0,836.24,866.66,29735.01829,25364732.8643644,64562
1520208000000,2018-03-05,ETHUSDT,866.61,871.75,847.2,849.84,30567.79813,26391332.1546758,61568
1520294400000,2018-03-06,ETHUSDT,849.81,853.18,803.01,813.11,48658.06883,40340972.8329127,90220
1520380800000,2018-03-07,ETHUSDT,813.31,826.2,718.4,749.9,109013.2838,83030975.9043689,157657
1520467200000,2018-03-08,ETHUSDT,749.02,772.07,684.0,695.46,76312.77819,55751521.7845615,124325
1520553600000,2018-03-09,ETHUSDT,695.48,727.92,640.0,723.71,116545.37303,79262060.7540076,174238
1520640000000,2018-03-10,ETHUSDT,723.65,745.0,673.06,680.58,63012.67972,45345997.5042329,98429
1520726400000,2018-03-11,ETHUSDT,680.58,735.0,659.15,720.85,73967.35869,51773437.8671232,108011
1520812800000,2018-03-12,ETHUSDT,721.0,740.5,676.31,697.11,67732.85988,48042091.346384,107566
1520899200000,2018-03-13,ETHUSDT,696.52,713.76,680.0,689.94,55735.18315,38651705.8540196,110481
1520985600000,2018-03-14,ETHUSDT,690.16,703.54,585.0,610.1,89904.25415,57785217.4853055,139296
1521072000000,2018-03-15,ETHUSDT,610.1,621.12,570.0,608.83,94426.72453,56487242.0087846,139923
1521158400000,2018-03-16,ETHUSDT,608.83,625.3,584.15,599.05,64720.20994,39356556.4721097,84631
1521244800000,2018-03-17,ETHUSDT,599.03,609.26,544.0,546.95,68022.4592,39167671.2478979,85603
1521331200000,2018-03-18,ETHUSDT,547.98,560.0,450.0,537.0,248817.226,125170992.0632535,273110
1521417600000,2018-03-19,ETHUSDT,537.39,560.0,515.8,556.88,184798.77062,99812549.6389014,190236
1521504000000,2018-03-20,ETHUSDT,556.88,567.87,515.0,557.0,135426.91549,73696454.5594795,141920
1521590400000,2018-03-21,ETHUSDT,557.0,590.52,545.11,559.17,117019.17321,66572210.6709511,139151
1521676800000,2018-03-22,ETHUSDT,559.15,578.6,516.0,539.92,111106.19916,60459505.6065908,123941
1521763200000,2018-03-23,ETHUSDT,539.78,544.72,506.71,543.03,106416.06746,55542669.0430983,122067
1521849600000,2018-03-24,ETHUSDT,543.2,545.99,518.63,520.22,87710.78945,46963103.4507316,104841
1521936000000,2018-03-25,ETHUSDT,521.17,536.0,512.0,523.74,71903.1713,37482165.1820822,90242
1522022400000,2018-03-26,ETHUSDT,523.95,527.67,465.56,485.0,151084.23688,74104022.1300024,144216
1522108800000,2018-03-27,ETHUSDT,485.0,491.55,446.0,448.5,138188.76042,63816245.4274086,139179
1522195200000,2018-03-28,ETHUSDT,448.5,466.0,440.14,446.67,89895.47885,40547475.9536683,90706
1522281600000,2018-03-29,ETHUSDT,446.07,449.43,380.0,384.0,225341.94316,91719449.9304218,176576
1522368000000,2018-03-30,ETHUSDT,383.87,412.04,366.0,392.43,292254.79437,112316125.3267166,232555
1522454400000,2018-03-31,ETHUSDT,392.4,419.4,388.52,393.92,167833.59399,67461541.5886628,134396
1522540800000,2018-04-01,ETHUSDT,393.93,399.91,356.9,378.58,150493.99422,56620178.3543407,119329
1522627200000,2018-04-02,ETHUSDT,378.58,394.87,375.0,385.05,113242.14191,43596858.5024712,95810
1522713600000,2018-04-03,ETHUSDT,385.0,419.08,380.13,415.01,137897.55565,55385110.1548381,118778
1522800000000,2018-04-04,ETHUSDT,415.0,416.5,370.0,378.16,140598.39668,54594624.7569424,132792
1522886400000,2018-04-05,ETHUSDT,378.15,387.03,365.61,381.22,120314.05875,45411126.8956174,103370
1522972800000,2018-04-06,ETHUSDT,381.56,385.91,362.54,368.89,74458.69141,27645272.516507,69396
1523059200000,2018-04-07,ETHUSDT,368.89,394.75,368.28,384.51,71463.42848,27442723.6552181,65341
1523145600000,2018-04-08,ETHUSDT,384.51,404.05,384.0,400.4,57395.52936,22720923.5470005,61290
1523232000000,2018-04-09,ETHUSDT,400.4,431.99,387.1,399.44,151653.50413,61605245.8672748,122647
1523318400000,2018-04-10,ETHUSDT,399.25,418.68,391.4,416.07,81394.29605,32805764.1019723,73634
1523404800000,2018-04-11,ETHUSDT,415.53,433.54,410.38,429.52,86706.68627,36371404.2251047,76885
1523491200000,2018-04-12,ETHUSDT,429.9,499.0,412.88,495.67,249766.38316,113968625.2863396,202769
1523577600000,2018-04-13,ETHUSDT,494.3,530.0,480.22,495.11,251752.08782,127274585.0424597,206506
1523664000000,2018-04-14,ETHUSDT,494.69,515.0,485.58,502.68,121283.3338,60727364.2740579,98631
1523750400000,2018-04-15,ETHUSDT,502.68,535.0,502.51,533.88,108739.15395,56506254.9725316,93171
1523836800000,2018-04-16,ETHUSDT,533.88,538.0,497.31,511.46,130359.52549,66652300.8067962,103147
1523923200000,2018-04-17,ETHUSDT,512.09,521.2,500.02,502.56,96541.96382,49273622.8530706,91563
1524009600000,2018-04-18,ETHUSDT,502.56,526.99,501.12,526.09,73161.95251,37673780.8368876,68912
1524096000000,2018-04-19,ETHUSDT,526.49,571.61,521.03,568.14,112235.77328,61044208.3175114,100508
1524182400000,2018-04-20,ETHUSDT,568.14,622.17,556.5,617.09,160209.03951,93907683.4773283,153184
1524268800000,2018-04-21,ETHUSDT,616.8,624.5,570.23,604.87,159364.95353,95664939.9408183,159407
1524355200000,2018-04-22,ETHUSDT,604.87,643.49,589.0,620.92,120127.3728,74788729.8493192,122258
1524441600000,2018-04-23,ETHUSDT,620.67,649.11,618.02,645.09,77475.70793,49473079.4449478,88353
1524528000000,2018-04-24,ETHUSDT,644.58,712.99,643.76,701.58,171437.66972,118180314.7165787,159888
1524614400000,2018-04-25,ETHUSDT,701.16,703.3,593.83,618.0,341439.50428,218497368.193498,309129
1524700800000,2018-04-26,ETHUSDT,617.73,666.19,600.0,661.51,155754.00815,98084636.5776993,150017
1524787200000,2018-04-27,ETHUSDT,661.51,686.82,635.73,643.46,134803.48389,89621495.4179006,132051
1524873600000,2018-04-28,ETHUSDT,643.41,694.9,638.76,682.86,113128.36337,76596615.4329475,114761
1524960000000,2018-04-29,ETHUSDT,683.5,700.49,665.28,690.85,110020.23869,75235079.3018448,121177
1525046400000,2018-04-30,ETHUSDT,690.85,695.3,662.2,670.78,112494.9172,76654028.9797539,109155
1525132800000,2018-05-01,ETHUSDT,670.78,675.6,627.58,672.0,133123.66675,87065924.8511483,120421
1525219200000,2018-05-02,ETHUSDT,671.99,691.99,663.0,688.56,86185.5033,58547697.5057035,97534
1525305600000,2018-05-03,ETHUSDT,688.55,792.08,685.39,779.0,229419.209,169982888.3383364,210459
1525392000000,2018-05-04,ETHUSDT,779.0,810.0,756.91,785.99,179924.40215,141283262.9241322,161690
1525478400000,2018-05-05,ETHUSDT,785.8,832.66,781.56,819.5,128631.18764,104594301.6093639,121136
1525564800000,2018-05-06,ETHUSDT,819.5,839.99,752.49,794.3,166871.16002,132187629.450689,154829
1525651200000,2018-05-07,ETHUSDT,794.3,799.14,701.0,752.49,284237.06328,210066185.28612953,232411
1525737600000,2018-05-08,ETHUSDT,753.0,777.0,720.02,748.99,135106.19621,101156197.2573318,126971
1525824000000,2018-05-09,ETHUSDT,748.99,760.74,710.26,751.75,112353.37758,82933836.454514,104593
1525910400000,2018-05-10,ETHUSDT,752.4,769.88,720.0,722.52,102019.29933,76658823.4630308,99850
1525996800000,2018-05-11,ETHUSDT,722.52,737.23,663.0,676.96,216953.54991,150336847.8280685,192008
1526083200000,2018-05-12,ETHUSDT,676.96,690.2,633.2,684.11,166801.07487,111101666.3239263,159177
1526169600000,2018-05-13,ETHUSDT,684.56,742.0,666.31,729.08,136022.39207,96516164.9841859,116733
1526256000000,2018-05-14,ETHUSDT,729.08,743.9,686.0,727.49,183466.9224,131397089.1149141,152787
1526342400000,2018-05-15,ETHUSDT,727.49,740.0,695.0,704.91,127191.21863,91869541.8424722,115906
1526428800000,2018-05-16,ETHUSDT,704.91,712.84,673.52,706.29,118902.46895,82315246.5132033,121956
1526515200000,2018-05-17,ETHUSDT,706.8,719.25,662.0,667.62,106723.38375,74320001.2537688,109610
1526601600000,2018-05-18,ETHUSDT,667.62,694.9,656.0,692.6,106541.66307,72118376.5238014,114419
1526688000000,2018-05-19,ETHUSDT,693.26,717.8,682.31,697.0,88828.85641,62026599.8097705,99860
1526774400000,2018-05-20,ETHUSDT,697.0,729.88,688.4,716.16,86004.7409,61227466.2924883,91685
1526860800000,2018-05-21,ETHUSDT,716.16,720.46,688.0,696.7,96085.15451,67799023.5499843,89438
1526947200000,2018-05-22,ETHUSDT,697.1,699.6,637.32,640.99,107059.5769,72112726.836348,110915
1527033600000,2018-05-23,ETHUSDT,640.86,669.0,560.0,577.19,257099.77096,155638543.7608657,203100
1527120000000,2018-05-24,ETHUSDT,577.19,612.1,550.0,602.18,195854.62497,114324332.2609641,159755
1527206400000,2018-05-25,ETHUSDT,602.08,617.46,568.7,585.55,118076.26273,70118224.9343135,115243
1527292800000,2018-05-26,ETHUSDT,585.56,607.62,578.32,586.0,77654.12532,46205282.6853549,76446
1527379200000,2018-05-27,ETHUSDT,586.03,592.0,557.43,570.4,97097.26713,55737244.5191023,90855
1527465600000,2018-05-28,ETHUSDT,570.81,576.2,506.11,511.5,153197.83278,81950608.3901462,136137
1527552000000,2018-05-29,ETHUSDT,511.5,573.43,510.0,567.36,189082.83788,103113233.70003,128067
1527638400000,2018-05-30,ETHUSDT,567.09,585.83,541.2,557.19,122132.2701,68698935.1823503,94311
1527724800000,2018-05-31,ETHUSDT,557.87,586.73,552.98,577.81,100101.52276,57312700.8700542,88463
1527811200000,2018-06-01,ETHUSDT,577.81,590.26,564.93,579.0,83840.84162,48334174.7645864,85475
1527897600000,2018-06-02,ETHUSDT,579.0,599.17,572.9,590.85,80258.14719,47346968.1318188,81067
1527984000000,2018-06-03,ETHUSDT,590.85,628.81,590.1,619.66,84123.33235,51660963.9070336,83803
1528070400000,2018-06-04,ETHUSDT,619.66,625.47,580.15,591.02,96339.44507,57791317.7268969,86009
1528156800000,2018-06-05,ETHUSDT,591.02,614.0,570.36,609.05,89053.74351,52918830.2092289,86957
1528243200000,2018-06-06,ETHUSDT,609.29,613.35,593.4,607.4,70152.92117,42406036.3359788,71275
1528329600000,2018-06-07,ETHUSDT,606.68,618.0,598.24,605.16,60174.1888,36622061.3957984,61247
1528416000000,2018-06-08,ETHUSDT,605.2,608.45,593.33,598.68,49228.00755,29570758.3831474,49881
1528502400000,2018-06-09,ETHUSDT,599.29,608.97,591.0,592.87,38908.0653,23425391.9800099,40208
1528588800000,2018-06-10,ETHUSDT,592.44,592.87,501.13,524.11,190350.58429,103749727.2406178,145196
1528675200000,2018-06-11,ETHUSDT,524.64,535.51,508.66,531.69,145813.07819,76462994.8697018,117598
1528761600000,2018-06-12,ETHUSDT,531.08,538.88,482.0,493.0,158223.14812,81341580.8232696,121424
1528848000000,2018-06-13,ETHUSDT,493.0,501.97,449.06,475.47,181842.19417,86416386.6308936,134718
1528934400000,2018-06-14,ETHUSDT,475.47,529.0,460.0,519.29,206093.0733,102374389.9984429,156597
1529020800000,2018-06-15,ETHUSDT,519.3,521.0,481.62,487.48,160532.53607,80145974.8516328,122246
1529107200000,2018-06-16,ETHUSDT,487.47,503.28,483.72,496.74,131095.45173,64919187.0546742,96076
1529193600000,2018-06-17,ETHUSDT,496.45,507.6,492.7,497.14,117316.93221,58745118.7144018,92111
1529280000000,2018-06-18,ETHUSDT,497.15,524.48,487.27,517.95,143826.68272,72402471.3508738,119818
1529366400000,2018-06-19,ETHUSDT,517.77,548.2,510.01,537.97,148148.38064,78382588.5359899,130777
1529452800000,2018-06-20,ETHUSDT,537.68,542.02,515.08,536.49,123892.0424,65285793.6546276,99322
1529539200000,2018-06-21,ETHUSDT,536.34,544.98,521.11,526.18,79862.90544,42586318.499719,77470
1529625600000,2018-06-22,ETHUSDT,526.32,526.44,450.0,462.09,212659.53437,102306774.8175146,166517
1529712000000,2018-06-23,ETHUSDT,462.4,481.0,455.0,473.41,94465.26834,44316379.4652718,85397
1529798400000,2018-06-24,ETHUSDT,473.4,475.81,419.53,454.41,198264.10079,88505534.6557815,152764
1529884800000,2018-06-25,ETHUSDT,454.29,474.47,444.37,458.7,122942.1165,56436062.4475766,113720
1529971200000,2018-06-26,ETHUSDT,459.04,460.81,429.0,429.34,84003.09976,37307967.112198,64251
1530057600000,2018-06-27,ETHUSDT,429.81,445.95,420.19,441.64,99156.36437,42947280.7164346,73853
1530144000000,2018-06-28,ETHUSDT,441.36,443.96,416.45,420.22,112309.56714,48557224.7656124,120860
1530230400000,2018-06-29,ETHUSDT,420.48,442.0,404.48,434.77,159495.30942,66573394.2822851,114615
1530316800000,2018-06-30,ETHUSDT,434.77,463.15,434.51,454.09,157169.20242,70748384.8544428,105384
1530403200000,2018-07-01,ETHUSDT,454.2,457.77,443.73,452.1,111226.62846,50173671.4201597,78500
1530489600000,2018-07-02,ETHUSDT,452.14,481.83,444.16,476.25,182585.11018,84408714.7116776,135295
1530576000000,2018-07-03,ETHUSDT,476.32,486.98,457.0,461.82,186954.55478,88130206.0472561,139942
1530662400000,2018-07-04,ETHUSDT,461.78,482.7,458.02,467.38,101886.20199,48042056.081608,81396
1530748800000,2018-07-05,ETHUSDT,467.19,480.0,458.8,467.87,125806.0083,59119270.51983,113667
1530835200000,2018-07-06,ETHUSDT,467.79,476.0,451.29,470.47,100428.64802,46633547.1690795,94081
1530921600000,2018-07-07,ETHUSDT,470.48,487.99,461.5,485.57,83629.95382,39311721.8603625,75732
1531008000000,2018-07-08,ETHUSDT,485.57,495.98,482.05,486.77,144703.13626,70523945.9889119,104195
1531094400000,2018-07-09,ETHUSDT,486.55,488.98,468.2,471.71,89532.14109,42954426.8383044,75974
1531180800000,2018-07-10,ETHUSDT,471.73,473.23,427.69,432.48,173640.9762,77742521.1309495,121085
1531267200000,2018-07-11,ETHUSDT,432.55,452.69,424.2,444.99,159022.59726,69570597.6650943,112252
1531353600000,2018-07-12,ETHUSDT,444.99,445.36,416.94,431.14,181877.07924,78631113.0291977,111503
1531440000000,2018-07-13,ETHUSDT,431.14,442.47,424.62,432.46,150320.32532,65466673.8049196,99117
1531526400000,2018-07-14,ETHUSDT,432.43,440.0,428.26,433.19,122253.69397,53029892.4031811,79509
1531612800000,2018-07-15,ETHUSDT,433.2,455.0,430.52,449.78,140415.27048,62248916.0599489,78257
1531699200000,2018-07-16,ETHUSDT,449.79,480.57,444.03,478.49,172440.71343,80398354.4633206,116672
1531785600000,2018-07-17,ETHUSDT,478.49,512.0,465.29,498.76,215318.06761,104290230.1617882,144066
1531872000000,2018-07-18,ETHUSDT,498.89,515.47,468.01,479.41,236137.8071,116671540.5152884,173309
1531958400000,2018-07-19,ETHUSDT,479.4,484.15,462.57,468.57,171308.06705,81153216.4910145,121771
1532044800000,2018-07-20,ETHUSDT,468.7,471.02,440.0,449.04,160873.38244,73878492.4425278,123785
1532131200000,2018-07-21,ETHUSDT,449.04,468.97,441.18,460.23,74259.64067,34051603.360423,66636
1532217600000,2018-07-22,ETHUSDT,460.23,472.2,454.19,457.47,60684.89595,28129475.2138308,53867
1532304000000,2018-07-23,ETHUSDT,457.47,469.82,447.11,450.05,106561.46081,49054903.2813891,86295
1532390400000,2018-07-24,ETHUSDT,450.05,484.27,448.47,479.28,158286.759,74269738.417834,112642
1532476800000,2018-07-25,ETHUSDT,479.24,485.77,464.0,472.1,170475.54936,80868121.1125076,118086
1532563200000,2018-07-26,ETHUSDT,472.11,485.0,460.0,462.64,173976.2192,82819272.573007,107846
1532649600000,2018-07-27,ETHUSDT,462.17,474.0,455.84,470.09,198304.79211,92234746.4567679,108861
1532736000000,2018-07-28,ETHUSDT,470.09,472.0,460.82,469.29,156862.59361,73310723.7766784,81561
1532822400000,2018-07-29,ETHUSDT,468.44,472.0,461.6,466.4,138747.56334,64627164.9226595,79843
1532908800000,2018-07-30,ETHUSDT,466.4,469.79,446.1,456.23,179581.79415,82428123.8069293,103093
1532995200000,2018-07-31,ETHUSDT,456.19,457.3,427.0,432.22,214913.57229,94399725.7513435,117935
1533081600000,2018-08-01,ETHUSDT,432.2,434.99,406.55,420.41,209570.0844,88066594.0085525,122508
1533168000000,2018-08-02,ETHUSDT,420.37,425.52,407.43,410.62,178421.10672,74102793.6254267,103504
1533254400000,2018-08-03,ETHUSDT,410.62,420.01,396.61,417.52,201156.61154,82442762.712497,122785
1533340800000,2018-08-04,ETHUSDT,417.58,419.53,401.86,407.21,179498.57515,73796154.8038684,102597
1533427200000,2018-08-05,ETHUSDT,407.21,413.24,400.16,408.79,158913.77206,64593904.8362998,78475
1533513600000,2018-08-06,ETHUSDT,408.77,413.28,397.08,405.28,166496.42465,67757484.9446498,98135
1533600000000,2018-08-07,ETHUSDT,405.19,412.76,369.19,378.21,207706.11078,83083795.0458217,123346
1533686400000,2018-08-08,ETHUSDT,378.2,380.42,347.25,355.48,275047.10788,100391980.194899,170291
1533772800000,2018-08-09,ETHUSDT,355.48,369.9,350.51,363.3,244268.20567,88131409.5395446,137786
1533859200000,2018-08-10,ETHUSDT,363.21,365.87,325.95,331.81,264274.13378,93178451.140294,165093
1533945600000,2018-08-11,ETHUSDT,331.88,332.98,304.45,317.69,335634.67243,106734997.232087,167715
1534032000000,2018-08-12,ETHUSDT,317.49,327.13,313.42,317.89,135524.79994,43466733.7459554,77747
1534118400000,2018-08-13,ETHUSDT,317.96,321.99,280.68,283.81,307713.22214,94158006.4889456,141534
1534204800000,2018-08-14,ETHUSDT,283.81,283.81,250.0,278.41,485174.37541,127753385.0091796,221194
1534291200000,2018-08-15,ETHUSDT,278.47,304.45,276.3,281.12,438620.64156,126037140.7260448,198830
1534377600000,2018-08-16,ETHUSDT,281.46,298.6,277.55,287.17,235665.2551,67837020.5066396,116200
1534464000000,2018-08-17,ETHUSDT,286.84,318.0,285.0,317.51,342556.46068,103050444.6195969,169216
1534550400000,2018-08-18,ETHUSDT,317.51,321.33,281.79,294.11,384021.38829,115559326.5701996,170896
1534636800000,2018-08-19,ETHUSDT,294.1,307.4,288.2,299.42,288483.44841,85661942.2884703,118166
1534723200000,2018-08-20,ETHUSDT,299.3,304.04,269.5,270.51,219153.78936,63253937.4194838,122863
1534809600000,2018-08-21,ETHUSDT,270.51,285.9,269.7,281.21,224701.57671,62384768.4079815,113749
1534896000000,2018-08-22,ETHUSDT,281.09,298.89,259.5,270.8,403936.78303,113458567.7931297,177686
1534982400000,2018-08-23,ETHUSDT,270.68,280.3,267.55,275.99,277304.60909,75819913.1999267,127845
1535068800000,2018-08-24,ETHUSDT,276.06,283.1,270.22,281.19,271850.21373,75029435.4282871,124399
1535155200000,2018-08-25,ETHUSDT,281.05,282.71,275.99,277.55,253375.49477,70728357.0054838,107965
1535241600000,2018-08-26,ETHUSDT,277.54,277.91,268.69,274.29,232525.9497,63548492.8381071,113465
1535328000000,2018-08-27,ETHUSDT,274.17,288.15,271.59,287.71,281020.64727,77863316.0042758,134261
1535414400000,2018-08-28,ETHUSDT,287.71,298.0,282.66,295.44,318323.28971,91895213.4638033,171500
1535500800000,2018-08-29,ETHUSDT,295.44,297.0,283.55,288.4,324275.47324,94515756.4158804,141609
1535587200000,2018-08-30,ETHUSDT,288.35,291.0,271.88,283.89,336993.14413,94748097.3749351,149454
1535673600000,2018-08-31,ETHUSDT,283.9,289.0,276.59,281.41,302663.37038,84967488.7108621,124162
1535760000000,2018-09-01,ETHUSDT,281.46,302.0,281.34,295.71,294944.4401,86146416.3680798,134032
1535846400000,2018-09-02,ETHUSDT,295.8,299.33,288.87,295.41,153300.06112,45141040.5627157,76484
1535932800000,2018-09-03,ETHUSDT,295.51,296.62,285.99,289.09,274753.70062,79640131.706311,115284
1536019200000,2018-09-04,ETHUSDT,289.09,292.64,283.0,285.3,330102.19,94920949.9921153,128936
1536105600000,2018-09-05,ETHUSDT,285.18,287.62,227.0,228.53,528734.3196,136620123.9591297,218243
1536192000000,2018-09-06,ETHUSDT,228.28,233.19,212.0,229.7,552996.86567,124860778.3771237,241166
1536278400000,2018-09-07,ETHUSDT,229.73,234.69,213.5,215.22,398379.81741,88670418.8238684,162430
1536364800000,2018-09-08,ETHUSDT,215.19,220.2,190.01,196.71,318859.84904,65385376.7893882,111890
1536451200000,2018-09-09,ETHUSDT,196.87,208.6,185.02,195.81,429255.02592,84861381.2832979,144803
1536537600000,2018-09-10,ETHUSDT,196.13,203.42,187.1,197.15,418489.86663,81950595.0164879,146713
1536624000000,2018-09-11,ETHUSDT,197.22,200.2,176.16,185.18,476745.79216,89920137.1965744,163958
1536710400000,2018-09-12,ETHUSDT,185.14,185.22,167.32,183.12,504047.79165,88384821.0111754,150831
1536796800000,2018-09-13,ETHUSDT,183.17,215.0,183.15,210.68,739503.34051,147281547.1668909,222128
1536883200000,2018-09-14,ETHUSDT,210.91,224.2,202.6,208.82,833945.82573,177613712.1035491,249947
1536969600000,2018-09-15,ETHUSDT,208.55,227.42,207.64,221.29,441046.52933,96594593.5603322,125321
1537056000000,2018-09-16,ETHUSDT,221.62,223.5,208.1,220.17,425538.57709,92372399.9553208,130886
1537142400000,2018-09-17,ETHUSDT,220.24,225.0,192.4,196.16,825020.77445,173019109.8734984,224178
1537228800000,2018-09-18,ETHUSDT,196.25,215.47,193.47,208.17,584366.15014,118777847.5744647,167048
1537315200000,2018-09-19,ETHUSDT,208.42,214.84,197.58,209.79,496100.46639,103133667.4105173,128769
1537401600000,2018-09-20,ETHUSDT,209.79,226.68,205.56,224.0,573632.24236,121706784.8174097,172813
1537488000000,2018-09-21,ETHUSDT,224.0,252.11,220.66,247.73,841029.12948,195225669.8238866,257566
1537574400000,2018-09-22,ETHUSDT,247.67,255.13,232.7,241.01,423740.7403,102510891.9345569,127522
1537660800000,2018-09-23,ETHUSDT,241.01,249.73,237.0,244.5,235214.14917,57084614.9280021,86877
1537747200000,2018-09-24,ETHUSDT,244.54,246.2,225.3,228.06,350139.1505,82504630.5176478,122214
1537833600000,2018-09-25,ETHUSDT,228.06,228.1,203.61,219.62,710650.7097,151991600.882084,241874
1537920000000,2018-09-26,ETHUSDT,219.5,223.6,207.5,214.42,613754.27743,132187818.9010536,200388
1538006400000,2018-09-27,ETHUSDT,214.38,234.0,205.01,229.13,582274.44087,128104933.3932339,185910
1538092800000,2018-09-28,ETHUSDT,229.1,234.42,215.53,221.84,618434.62488,139637602.098122,196556
1538179200000,2018-09-29,ETHUSDT,221.89,237.77,214.18,231.62,604000.95586,137238908.3763711,193800
1538265600000,2018-09-30,ETHUSDT,231.62,239.0,226.5,232.94,432195.44084,100778882.0307922,164400
1538352000000,2018-10-01,ETHUSDT,233.04,235.88,224.46,231.61,322900.46128,74363466.5209959,120621
1538438400000,2018-10-02,ETHUSDT,231.62,232.51,223.37,225.69,401305.32707,91706335.3382373,148279
1538524800000,2018-10-03,ETHUSDT,225.7,226.43,216.51,220.77,275609.26221,60784387.6960889,112473
1538611200000,2018-10-04,ETHUSDT,220.67,227.16,219.49,222.66,158137.42967,35468959.258357,64786
1538697600000,2018-10-05,ETHUSDT,222.66,231.75,219.35,228.37,137730.35786,30900558.884435,54454
1538784000000,2018-10-06,ETHUSDT,228.36,228.86,223.15,225.4,100257.5697,22656352.8166308,35875
1538870400000,2018-10-07,ETHUSDT,225.39,227.75,221.48,226.14,74733.67253,16774573.6880058,29693
1538956800000,2018-10-08,ETHUSDT,226.26,232.7,224.21,230.01,210989.42202,48017160.0630845,77786
1539043200000,2018-10-09,ETHUSDT,230.01,231.02,226.56,228.4,100246.1843,22933859.7906438,42266
1539129600000,2018-10-10,ETHUSDT,228.4,228.78,224.05,226.74,122748.21412,27773272.1574484,54578
1539216000000,2018-10-11,ETHUSDT,226.7,226.91,189.01,191.58,497258.82871,101069066.8272607,189200
1539302400000,2018-10-12,ETHUSDT,191.55,201.87,190.04,196.96,216448.3922,42627353.0764674,90790
1539388800000,2018-10-13,ETHUSDT,196.96,202.78,196.27,201.3,107215.5262,21498264.311397,45954
1539475200000,2018-10-14,ETHUSDT,201.39,203.56,194.33,197.01,110554.19361,22180535.0688399,37339
1539561600000,2018-10-15,ETHUSDT,196.84,239.0,194.6,214.39,973857.7477,212166629.5950726,298845
1539648000000,2018-10-16,ETHUSDT,214.39,219.95,211.55,215.09,145980.09837,31315676.3229606,83944
1539734400000,2018-10-17,ETHUSDT,215.2,216.99,210.0,212.85,153768.85024,32834161.5160167,75663
1539820800000,2018-10-18,ETHUSDT,212.9,215.3,203.53,206.24,150229.60097,31567845.7180902,85942
1539907200000,2018-10-19,ETHUSDT,206.25,208.0,204.21,205.0,254660.48637,52458006.5146688,84457
1539993600000,2018-10-20,ETHUSDT,205.1,209.69,203.57,207.91,62376.6968,12936322.3431964,34666
1540080000000,2018-10-21,ETHUSDT,207.91,211.99,206.74,207.49,83277.36128,17462109.6899969,40862
1540166400000,2018-10-22,ETHUSDT,207.46,209.3,205.0,206.67,206046.89963,42711588.9238288,72089
1540252800000,2018-10-23,ETHUSDT,206.67,207.8,202.14,205.85,112753.0414,23146110.0040041,50937
1540339200000,2018-10-24,ETHUSDT,205.85,207.95,204.73,205.35,97128.82698,20049428.2046269,47453
1540425600000,2018-10-25,ETHUSDT,205.35,205.94,202.88,203.93,77411.57217,15820355.2048038,37923
1540512000000,2018-10-26,ETHUSDT,203.84,209.0,203.0,204.92,91143.83291,18707018.7840062,49864
1540598400000,2018-10-27,ETHUSDT,204.92,206.15,203.09,204.45,50235.68329,10280846.4145438,52419
1540684800000,2018-10-28,ETHUSDT,204.45,205.94,203.62,204.99,44394.83357,9084565.9157548,37134
1540771200000,2018-10-29,ETHUSDT,204.99,205.49,195.28,196.96,118281.82272,23671711.3937594,70893
1540857600000,2018-10-30,ETHUSDT,196.95,198.6,195.91,197.27,83633.81463,16501372.8633176,56433
1540944000000,2018-10-31,ETHUSDT,197.24,201.45,193.01,198.73,114739.70424,22632315.2602598,68261
1541030400000,2018-11-01,ETHUSDT,198.7,200.95,197.88,199.96,86097.98629,17116621.5351845,53873
1541116800000,2018-11-02,ETHUSDT,199.93,203.74,199.34,202.35,97123.22813,19559214.4192249,61401
1541203200000,2018-11-03,ETHUSDT,202.31,202.69,198.59,200.31,72084.92932,14456528.3775608,46801
1541289600000,2018-11-04,ETHUSDT,200.27,218.76,199.0,212.11,182534.6216,37959621.568273,112393
1541376000000,2018-11-05,ETHUSDT,212.13,213.39,207.62,210.66,141432.1406,29714567.4106342,81531
1541462400000,2018-11-06,ETHUSDT,210.64,221.25,209.11,220.74,197797.49527,42534535.8639938,110906
1541548800000,2018-11-07,ETHUSDT,220.77,224.8,217.01,219.07,204931.0342,45252424.0852285,105883
1541635200000,2018-11-08,ETHUSDT,219.06,220.78,212.49,212.79,189828.4945,40931506.148422,93113
1541721600000,2018-11-09,ETHUSDT,212.79,215.51,209.1,210.77,152215.94686,32309082.1975887,72814
1541808000000,2018-11-10,ETHUSDT,210.78,215.55,209.02,213.25,131384.47893,28019225.0100827,66005
1541894400000,2018-11-11,ETHUSDT,213.27,213.99,209.0,212.54,136268.81156,28875079.8849474,66072
1541980800000,2018-11-12,ETHUSDT,212.6,214.22,210.9,212.89,99963.97203,21271725.1845819,52826
1542067200000,2018-11-13,ETHUSDT,212.91,213.8,209.2,209.84,114466.36708,24176049.6062305,65826
1542153600000,2018-11-14,ETHUSDT,209.84,210.3,176.16,187.43,434676.16832,82531353.9766622,187653
1542240000000,2018-11-15,ETHUSDT,187.43,190.0,170.99,184.35,452416.10784,81674273.8857771,212442
1542326400000,2018-11-16,ETHUSDT,184.35,185.0,173.0,176.89,241710.34763,43450649.948378,120635
1542412800000,2018-11-17,ETHUSDT,176.93,177.91,173.94,176.2,144804.70986,25452515.6364988,77570
1542499200000,2018-11-18,ETHUSDT,176.2,182.94,176.1,178.97,141736.32263,25261184.0928033,68702
1542585600000,2018-11-19,ETHUSDT,179.04,179.33,146.47,150.81,596789.83916,94639227.0313713,224184
1542672000000,2018-11-20,ETHUSDT,150.76,154.7,126.95,133.82,996552.28721,139191208.4550928,357568
1542758400000,2018-11-21,ETHUSDT,133.68,142.01,127.15,138.23,718957.78552,97819681.4905397,246564
1542844800000,2018-11-22,ETHUSDT,138.36,140.4,125.64,126.63,334674.07185,44837388.4512714,117670
1542931200000,2018-11-23,ETHUSDT,126.58,128.9,118.56,125.02,504352.24386,62657024.0486937,166040
1543017600000,2018-11-24,ETHUSDT,125.0,130.81,112.32,114.89,471321.56764,57264800.0665808,153585
1543104000000,2018-11-25,ETHUSDT,114.83,122.35,102.95,118.67,836233.31252,93723314.1234466,264902
1543190400000,2018-11-26,ETHUSDT,118.65,121.5,106.41,110.68,679477.36231,77209761.8275687,224339
1543276800000,2018-11-27,ETHUSDT,110.66,114.31,102.36,111.43,524024.40616,56638056.0091172,179214
1543363200000,2018-11-28,ETHUSDT,111.38,126.8,111.37,122.9,578552.74124,68485222.4434163,195923
1543449600000,2018-11-29,ETHUSDT,122.88,124.0,114.78,117.98,478777.39614,57140533.5732648,180848
1543536000000,2018-11-30,ETHUSDT,117.99,120.26,111.09,113.73,418593.63529,48362085.7818422,153866
1543622400000,2018-12-01,ETHUSDT,113.71,120.8,111.35,118.1,330159.06742,38614493.6264599,122161
1543708800000,2018-12-02,ETHUSDT,118.09,120.73,116.0,116.57,273657.6215,32184013.7601348,102151
1543795200000,2018-12-03,ETHUSDT,116.63,116.96,106.7,108.76,324446.03324,36185196.1948889,115448
1543881600000,2018-12-04,ETHUSDT,108.76,113.2,106.0,109.94,275321.0063,30365546.7521367,111872
1543968000000,2018-12-05,ETHUSDT,109.92,110.58,102.38,102.71,354071.53241,37519336.0718317,111602
1544054400000,2018-12-06,ETHUSDT,102.73,104.68,90.2,91.0,586138.59043,58114721.7510634,188007
1544140800000,2018-12-07,ETHUSDT,91.18,96.9,82.07,93.05,1030073.58467,90499447.337842,307599
1544227200000,2018-12-08,ETHUSDT,93.06,98.0,84.55,90.38,698217.12529,63224518.5473893,228982
1544313600000,2018-12-09,ETHUSDT,90.39,98.7,88.63,93.26,520519.36023,48533111.8520108,158700
1544400000000,2018-12-10,ETHUSDT,93.26,95.21,88.11,89.91,408573.02929,37180525.4573109,119278
1544486400000,2018-12-11,ETHUSDT,89.88,91.65,85.83,87.76,339991.84246,30055007.219609,104079
1544572800000,2018-12-12,ETHUSDT,87.77,91.31,86.63,89.41,285436.04029,25500398.9286536,86407
1544659200000,2018-12-13,ETHUSDT,89.39,90.71,84.71,86.34,331218.30083,29089359.8313012,94842
1544745600000,2018-12-14,ETHUSDT,86.35,87.25,82.2,83.82,318003.73427,27041687.8001072,102917
1544832000000,2018-12-15,ETHUSDT,83.82,85.0,81.79,83.76,217360.65775,18169124.0002302,83696
1544918400000,2018-12-16,ETHUSDT,83.75,87.64,83.73,84.67,241366.76305,20783723.6930707,78098
1545004800000,2018-12-17,ETHUSDT,84.68,97.0,84.4,94.02,472252.23388,42965553.4158694,156319
1545091200000,2018-12-18,ETHUSDT,94.03,101.3,91.34,100.39,529946.79175,50202945.7917017,173951
1545177600000,2018-12-19,ETHUSDT,100.39,107.55,97.75,98.74,827748.59096,84862730.2333679,258340
1545264000000,2018-12-20,ETHUSDT,98.73,116.0,97.88,114.05,859612.57205,93128082.5480073,272100
1545350400000,2018-12-21,ETHUSDT,113.71,118.0,104.76,107.69,666048.71786,74510414.5879752,242389
1545436800000,2018-12-22,ETHUSDT,107.67,115.5,105.38,115.2,405672.83117,44814571.6096925,159158
1545523200000,2018-12-23,ETHUSDT,115.18,131.94,114.91,129.03,936094.1049,118250392.5550972,302293
1545609600000,2018-12-24,ETHUSDT,129.03,157.67,128.8,138.03,1319609.8165,190137361.0658773,426763
1545696000000,2018-12-25,ETHUSDT,138.01,139.26,119.68,127.6,1076164.12809,136600862.0426763,328349
1545782400000,2018-12-26,ETHUSDT,127.61,135.32,122.51,129.35,794834.05601,102196717.3950557,258222
1545868800000,2018-12-27,ETHUSDT,129.35,131.09,111.22,113.8,752177.90111,90456912.8883521,230428
1545955200000,2018-12-28,ETHUSDT,113.75,136.66,111.87,135.3,894454.19051,111865576.4977578,248671
1546041600000,2018-12-29,ETHUSDT,135.3,145.42,128.5,132.89,1006654.49844,136479145.9423473,291165
1546128000000,2018-12-30,ETHUSDT,133.0,139.0,127.03,137.77,704259.41614,94804050.4933616,232606
1546214400000,2018-12-31,ETHUSDT,137.81,138.66,128.7,131.45,484604.83962,64763118.1166383,157669
1546300800000,2019-01-01,ETHUSDT,131.45,140.67,130.0,139.1,401776.88797,54280385.598127,125799
1546387200000,2019-01-02,ETHUSDT,139.1,155.37,137.76,152.01,941486.31524,138801471.1186518,253070
1546473600000,2019-01-03,ETHUSDT,152.01,153.64,143.11,146.3,708091.31714,104953535.1485126,206600
1546560000000,2019-01-04,ETHUSDT,146.3,154.8,143.54,151.97,805248.93821,120827141.5442279,224385
1546646400000,2019-01-05,ETHUSDT,152.08,159.26,151.2,152.83,773169.13736,120238339.7822187,231172
1546732800000,2019-01-06,ETHUSDT,152.83,157.4,147.51,153.86,627908.47366,95681339.4600648,204337
1546819200000,2019-01-07,ETHUSDT,153.89,155.48,147.86,149.34,424765.30258,64310962.9190328,157568
1546905600000,2019-01-08,ETHUSDT,149.29,151.65,145.2,147.6,441661.06778,65535529.7557393,170585
1546992000000,2019-01-09,ETHUSDT,147.62,151.5,146.77,148.1,299443.563,44673066.391582,125358
1547078400000,2019-01-10,ETHUSDT,148.11,149.45,121.0,124.95,871751.75038,114437025.2827277,290765
1547164800000,2019-01-11,ETHUSDT,124.96,127.36,120.08,124.65,545293.98369,67782816.3375987,197047
1547251200000,2019-01-12,ETHUSDT,124.67,126.19,122.0,123.35,300262.13404,37295866.3538343,122024
1547337600000,2019-01-13,ETHUSDT,123.35,124.25,111.87,114.16,422561.96777,49521201.2764662,137005
1547424000000,2019-01-14,ETHUSDT,114.17,130.05,113.94,126.95,546420.40854,66801543.3050366,181074
1547510400000,2019-01-15,ETHUSDT,126.95,129.4,116.0,118.95,649020.5297,79985529.5587708,200989
1547596800000,2019-01-16,ETHUSDT,118.93,126.88,118.52,121.48,513486.65472,62314225.9960432,192912
1547683200000,2019-01-17,ETHUSDT,121.49,122.99,116.8,121.54,447535.22716,53854069.2105117,169098
1547769600000,2019-01-18,ETHUSDT,121.56,121.98,117.66,119.17,235646.684,28305971.6688854,112833
1547856000000,2019-01-19,ETHUSDT,119.16,125.29,119.14,122.6,323303.79296,39715159.1649606,117187
1547942400000,2019-01-20,ETHUSDT,122.61,123.32,115.68,117.47,451792.85352,53833668.9066349,164941
1548028800000,2019-01-21,ETHUSDT,117.56,118.5,113.61,115.63,303632.93463,35258073.4282649,119538
1548115200000,2019-01-22,ETHUSDT,115.62,119.49,111.39,117.81,359542.63873,41777737.4704705,134797
1548201600000,2019-01-23,ETHUSDT,117.8,118.95,114.8,116.44,230247.61578,26975386.3924584,102993
1548288000000,2019-01-24,ETHUSDT,116.4,117.15,113.61,116.39,216242.29829,25044265.7542041,90622
1548374400000,2019-01-25,ETHUSDT,116.4,117.5,114.3,115.11,198617.08108,22977175.9541193,85660
1548460800000,2019-01-26,ETHUSDT,115.13,118.0,115.0,115.34,146216.82819,16978386.1972377,68368
1548547200000,2019-01-27,ETHUSDT,115.32,116.15,111.04,112.05,247369.60555,28158012.7304768,97152
1548633600000,2019-01-28,ETHUSDT,112.04,112.87,100.91,105.5,566205.78288,60050129.3863579,177547
1548720000000,2019-01-29,ETHUSDT,105.49,106.61,102.22,104.45,319768.91348,33427469.3450618,129221
1548806400000,2019-01-30,ETHUSDT,104.41,109.8,103.45,108.29,330968.19265,35368520.135571,118866
1548892800000,2019-01-31,ETHUSDT,108.29,110.61,105.46,106.44,290679.61935,31234353.515393,102532
1548979200000,2019-02-01,ETHUSDT,106.47,108.35,103.77,106.73,243149.88435,25791535.1460238,86314
1549065600000,2019-02-02,ETHUSDT,106.71,111.15,106.07,110.42,186908.7573,20153872.302919,67351
1549152000000,2019-02-03,ETHUSDT,110.41,111.11,105.82,107.36,227211.54064,24605892.2887283,78309
1549238400000,2019-02-04,ETHUSDT,107.33,109.3,106.57,107.68,160850.10293,17312736.6001502,65698
1549324800000,2019-02-05,ETHUSDT,107.65,108.18,106.47,107.27,159730.1886,17137008.2478395,68422
1549411200000,2019-02-06,ETHUSDT,107.28,107.83,101.21,104.5,337204.30254,34984364.2970212,113955
1549497600000,2019-02-07,ETHUSDT,104.49,106.18,103.82,104.48,147942.07683,15530160.6471066,68959
1549584000000,2019-02-08,ETHUSDT,104.48,123.0,103.41,119.25,589950.64925,67027886.9398639,177364
1549670400000,2019-02-09,ETHUSDT,119.32,121.99,117.64,119.19,328067.9574,39061582.3914826,118457
1549756800000,2019-02-10,ETHUSDT,119.19,126.49,115.81,125.12,385819.09619,45929459.1290131,146060
1549843200000,2019-02-11,ETHUSDT,125.12,125.28,119.24,120.89,389405.30404,47197595.845191,129000
1549929600000,2019-02-12,ETHUSDT,120.88,123.89,118.18,122.41,343765.66987,41603632.811699,114396
1550016000000,2019-02-13,ETHUSDT,122.4,126.47,120.7,121.86,317827.31956,39073077.8391656,122122
1550102400000,2019-02-14,ETHUSDT,121.86,124.5,120.1,120.42,297205.78738,36278326.0774455,101574
1550188800000,2019-02-15,ETHUSDT,120.47,124.25,120.19,121.67,255296.0814,31111280.2093057,100464
1550275200000,2019-02-16,ETHUSDT,121.66,124.99,121.54,122.67,215320.70134,26462034.6125396,84959
1550361600000,2019-02-17,ETHUSDT,122.67,135.61,122.43,133.75,614788.60078,78958054.9589805,162769
1550448000000,2019-02-18,ETHUSDT,133.77,148.3,132.42,145.69,1079830.1502,152756654.6454775,299772
1550534400000,2019-02-19,ETHUSDT,145.69,150.0,142.36,143.44,747968.90445,109645050.4660972,232384
1550620800000,2019-02-20,ETHUSDT,143.45,149.52,139.6,148.44,614303.61007,89136482.3716519,191505
1550707200000,2019-02-21,ETHUSDT,148.42,149.61,142.7,145.69,447364.40873,65199779.5124385,148898
1550793600000,2019-02-22,ETHUSDT,145.68,148.85,143.85,147.36,366251.18542,53771600.8025665,129247
1550880000000,2019-02-23,ETHUSDT,147.4,159.6,145.78,157.79,588183.72896,89997516.9234365,172084
1550966400000,2019-02-24,ETHUSDT,157.75,166.0,131.7,132.1,1260506.80672,186688063.414179,351943
1551052800000,2019-02-25,ETHUSDT,132.1,141.55,131.89,137.87,801147.09543,110348892.9700245,243536
1551139200000,2019-02-26,ETHUSDT,137.88,138.41,133.72,136.22,432944.17033,58979934.7160016,145787
1551225600000,2019-02-27,ETHUSDT,136.22,140.29,126.84,135.02,567202.61035,76519497.9080148,158709
1551312000000,2019-02-28,ETHUSDT,135.03,139.0,132.1,135.34,579327.31749,78861797.5593921,183737
1551398400000,2019-03-01,ETHUSDT,135.32,137.95,134.9,135.32,302632.02831,41198722.5798789,103403
1551484800000,2019-03-02,ETHUSDT,135.32,136.12,130.03,132.56,297005.28093,39467507.6857296,113241
1551571200000,2019-03-03,ETHUSDT,132.54,134.6,128.01,130.6,222453.2859,29447917.2382588,86648
1551657600000,2019-03-04,ETHUSDT,130.6,131.11,122.6,125.65,403947.79445,51060349.7665833,140132
1551744000000,2019-03-05,ETHUSDT,125.68,137.84,125.19,136.72,512631.23178,67740644.3311417,155818
1551830400000,2019-03-06,ETHUSDT,136.71,140.29,133.33,137.4,428826.87415,58701328.649431,136000
1551916800000,2019-03-07,ETHUSDT,137.37,140.2,135.2,136.81,307336.4931,42271691.2428617,114687
1552003200000,2019-03-08,ETHUSDT,136.82,139.34,130.62,133.52,330283.58233,44879637.3870354,113160
1552089600000,2019-03-09,ETHUSDT,133.51,138.65,132.93,137.27,279861.12049,38220614.005662,111544
1552176000000,2019-03-10,ETHUSDT,137.27,137.5,134.0,135.37,203965.16815,27650702.3793393,90905
1552262400000,2019-03-11,ETHUSDT,135.37,136.15,131.0,132.67,264587.00683,35285847.7482702,101371
1552348800000,2019-03-12,ETHUSDT,132.67,135.3,130.77,133.57,194905.96843,25981446.1033466,74222
1552435200000,2019-03-13,ETHUSDT,133.62,133.65,130.58,131.65,209456.09848,27670734.4309227,87617
1552521600000,2019-03-14,ETHUSDT,131.69,135.11,128.52,132.2,258413.81868,34099414.8055834,99000
1552608000000,2019-03-15,ETHUSDT,132.24,137.62,132.18,136.56,295832.26562,39928522.3372778,103920
1552694400000,2019-03-16,ETHUSDT,136.6,144.47,136.51,140.92,474664.10197,66878173.4518186,149612
1552780800000,2019-03-17,ETHUSDT,140.94,141.07,137.2,138.67,252697.08148,35051209.9303395,88617
1552867200000,2019-03-18,ETHUSDT,138.67,142.01,136.1,137.59,281718.96195,39017864.9224565,94109
1552953600000,2019-03-19,ETHUSDT,137.62,139.38,136.97,138.55,218577.45208,30175322.0784989,82348
1553040000000,2019-03-20,ETHUSDT,138.56,139.66,136.01,139.01,222883.51754,30757997.8115518,83814
1553126400000,2019-03-21,ETHUSDT,139.04,139.55,131.21,134.85,312531.39368,42635937.4891712,113797
1553212800000,2019-03-22,ETHUSDT,134.85,137.2,134.29,135.98,186119.74745,25309122.7264498,79782
1553299200000,2019-03-23,ETHUSDT,135.92,138.21,135.6,137.28,174710.43059,23922572.3588934,73884
1553385600000,2019-03-24,ETHUSDT,137.28,137.37,134.75,136.09,198490.45124,27042322.6952009,82361
1553472000000,2019-03-25,ETHUSDT,136.12,136.83,131.6,133.98,230880.285,31082445.5932449,98246
1553558400000,2019-03-26,ETHUSDT,133.97,134.74,132.27,134.18,183139.11426,24490323.0607397,86841
1553644800000,2019-03-27,ETHUSDT,134.14,140.14,133.84,139.45,317167.45325,43635238.4289265,119271
1553731200000,2019-03-28,ETHUSDT,139.46,139.57,137.3,137.86,163185.6991,22543474.6122913,73225
1553817600000,2019-03-29,ETHUSDT,137.85,143.6,137.62,143.25,235853.0454,33098245.9556135,94717
1553904000000,2019-03-30,ETHUSDT,143.25,145.89,140.06,142.46,254798.70067,36382647.2268952,97751
1553990400000,2019-03-31,ETHUSDT,142.44,142.5,140.42,141.38,142469.21171,20131931.6990724,65047
1554076800000,2019-04-01,ETHUSDT,141.41,143.08,139.57,141.24,234310.19161,33234998.6438733,90705
1554163200000,2019-04-02,ETHUSDT,141.24,165.6,141.0,163.31,906868.8586,138094679.3020432,289637
1554249600000,2019-04-03,ETHUSDT,163.26,177.81,149.23,159.96,1345344.53845,225523896.2014656,423036
1554336000000,2019-04-04,ETHUSDT,159.96,164.0,152.8,157.36,686080.95248,109082183.5877348,242989
1554422400000,2019-04-05,ETHUSDT,157.33,167.83,155.94,164.77,516070.34553,84123101.326904,175261
1554508800000,2019-04-06,ETHUSDT,164.84,172.77,159.2,165.5,528168.33297,87657058.1149817,163384
1554595200000,2019-04-07,ETHUSDT,165.56,175.43,164.06,174.21,465507.52497,78876773.2967177,161529
1554681600000,2019-04-08,ETHUSDT,174.29,185.87,170.9,178.72,873410.07285,156417981.3021178,272413
1554768000000,2019-04-09,ETHUSDT,178.71,179.17,171.05,174.6,431986.36108,75745619.5720787,156659
1554854400000,2019-04-10,ETHUSDT,174.58,183.77,168.0,177.12,523943.20498,93283836.587114,171960
1554940800000,2019-04-11,ETHUSDT,177.12,177.48,158.27,164.07,661305.30321,110201659.9478763,224876
1555027200000,2019-04-12,ETHUSDT,164.06,166.5,158.11,163.19,316337.87823,51556919.1461367,124732
1555113600000,2019-04-13,ETHUSDT,163.2,165.37,160.74,162.99,179237.74574,29247030.1526373,75202
1555200000000,2019-04-14,ETHUSDT,162.99,168.11,161.2,167.23,186977.66211,30640985.0609499,72468
1555286400000,2019-04-15,ETHUSDT,167.21,168.81,155.7,159.95,351548.9079,57215098.1117043,113590
1555372800000,2019-04-16,ETHUSDT,159.91,166.73,159.41,165.37,240370.50441,39245823.494595,82937
1555459200000,2019-04-17,ETHUSDT,165.41,167.28,163.78,165.75,227841.54981,37678036.5964673,85475
1555545600000,2019-04-18,ETHUSDT,165.75,175.2,165.04,173.33,396118.94407,68031293.2325779,114728
1555632000000,2019-04-19,ETHUSDT,173.34,173.55,168.59,172.64,320541.72166,54991300.1097207,104551
1555718400000,2019-04-20,ETHUSDT,172.66,176.97,169.87,172.88,253596.48407,43939979.0160537,94403
1555804800000,2019-04-21,ETHUSDT,172.89,173.48,164.82,168.59,283450.43943,47781349.4020958,108394
1555891200000,2019-04-22,ETHUSDT,168.59,172.3,167.0,170.52,269868.39876,45832751.057015,96396
1555977600000,2019-04-23,ETHUSDT,170.52,175.83,167.78,169.16,363523.34531,62784241.170476,126520
1556064000000,2019-04-24,ETHUSDT,169.15,169.87,159.26,164.78,426497.04153,70076178.2845027,154469
1556150400000,2019-04-25,ETHUSDT,164.78,165.49,150.35,154.72,422657.03239,67326464.6484704,139927
1556236800000,2019-04-26,ETHUSDT,154.7,162.56,151.4,157.95,500355.86283,78334214.8744062,162730
1556323200000,2019-04-27,ETHUSDT,157.93,166.24,156.35,159.31,215918.63842,34294277.9954465,89809
1556409600000,2019-04-28,ETHUSDT,159.32,160.24,156.92,157.85,152976.30181,24304182.1410825,72048
1556496000000,2019-04-29,ETHUSDT,157.86,159.05,152.0,155.11,243591.94898,37892463.2904875,98779
1556582400000,2019-04-30,ETHUSDT,155.14,162.89,155.11,161.83,305056.24653,48352308.3471109,109233
1556668800000,2019-05-01,ETHUSDT,161.85,163.88,158.36,160.19,192517.62763,30965351.6968463,88509
1556755200000,2019-05-02,ETHUSDT,160.2,163.48,158.5,161.81,289519.02025,46716417.0127823,97201
1556841600000,2019-05-03,ETHUSDT,161.82,170.86,160.99,168.06,416357.52123,69185162.5971677,136042
1556928000000,2019-05-04,ETHUSDT,168.1,171.3,159.76,163.7,312928.58349,51596174.4008955,115264
1557014400000,2019-05-05,ETHUSDT,163.71,165.36,159.18,163.05,176029.10445,28659516.7862457,79825
1557100800000,2019-05-06,ETHUSDT,163.05,178.05,157.55,173.0,506528.14278,86112232.475863,151543
1557187200000,2019-05-07,ETHUSDT,172.98,182.76,167.89,169.18,732496.87861,129206700.1276838,208268
1557273600000,2019-05-08,ETHUSDT,169.07,173.17,164.8,170.85,296410.76103,50307994.5847109,108809
1557360000000,2019-05-09,ETHUSDT,170.88,173.88,166.57,170.9,284663.99456,48482365.5414184,111190
1557446400000,2019-05-10,ETHUSDT,170.96,176.7,168.46,172.91,425543.74021,73717438.6539584,142024
1557532800000,2019-05-11,ETHUSDT,172.92,205.23,172.92,190.2,885292.38389,167180496.7623297,246217
1557619200000,2019-05-12,ETHUSDT,190.2,204.32,181.0,188.11,823372.28148,157611011.7252508,228585
1557705600000,2019-05-13,ETHUSDT,188.07,206.87,185.32,195.84,669265.46524,131102303.1385697,190439
1557792000000,2019-05-14,ETHUSDT,195.83,219.81,194.19,216.4,864211.00603,179717430.3107268,248577
1557878400000,2019-05-15,ETHUSDT,216.4,250.27,216.21,248.1,574697.29927,135054369.6175697,176272
1557964800000,2019-05-16,ETHUSDT,248.06,279.76,241.76,264.25,1733360.8936,452410350.051738,553635
1558051200000,2019-05-17,ETHUSDT,264.35,268.74,223.43,244.3,1529892.56898,366429299.2028029,517016
1558137600000,2019-05-18,ETHUSDT,244.31,248.0,230.62,233.6,673218.09982,160450040.8069193,236314
1558224000000,2019-05-19,ETHUSDT,233.57,264.0,231.77,259.51,823859.06342,207383027.82648367,285496
1558310400000,2019-05-20,ETHUSDT,259.37,259.49,238.0,250.37,666889.82241,165783106.0770302,246484
1558396800000,2019-05-21,ETHUSDT,250.48,262.0,246.06,253.43,580249.69753,146749988.2737374,229662
1558483200000,2019-05-22,ETHUSDT,253.35,260.18,239.63,243.64,592848.95605,149006735.6421766,208482
1558569600000,2019-05-23,ETHUSDT,243.68,247.34,231.1,244.56,600193.89368,144051488.877393,198869
1558656000000,2019-05-24,ETHUSDT,244.63,254.35,241.54,248.87,447066.92596,111294049.3667149,171482
1558742400000,2019-05-25,ETHUSDT,248.84,257.33,247.22,250.22,332544.38731,83665127.8436946,125719
1558828800000,2019-05-26,ETHUSDT,250.17,269.4,245.11,264.45,450090.22324,115089467.7879579,159525
1558915200000,2019-05-27,ETHUSDT,264.35,279.59,260.0,270.53,635463.50204,170250734.8917526,246768
1559001600000,2019-05-28,ETHUSDT,270.7,275.95,264.45,271.03,409443.69364,110617403.6892461,181468
1559088000000,2019-05-29,ETHUSDT,271.08,274.04,260.05,268.83,383412.45769,102868997.4320186,173915
1559174400000,2019-05-30,ETHUSDT,268.92,288.62,240.14,254.56,1066279.49387,289930479.36211914,368300
1559260800000,2019-05-31,ETHUSDT,254.59,268.72,245.21,267.9,602153.87244,154783065.7707739,253604
1559347200000,2019-06-01,ETHUSDT,267.9,275.5,260.68,264.33,455676.98613,121851235.7591843,182844
1559433600000,2019-06-02,ETHUSDT,264.33,273.2,263.2,268.88,301536.15062,80960737.4054672,138349
1559520000000,2019-06-03,ETHUSDT,268.87,270.0,248.0,249.91,397360.65275,103602836.6837421,193998
1559606400000,2019-06-04,ETHUSDT,250.02,251.67,234.39,241.39,633822.71246,154709331.2941874,270568
1559692800000,2019-06-05,ETHUSDT,241.46,250.41,237.37,245.63,335953.37927,81839286.6165841,173428
1559779200000,2019-06-06,ETHUSDT,245.62,250.66,235.01,248.76,297579.14734,72417630.0041218,146839
1559865600000,2019-06-07,ETHUSDT,248.77,253.28,243.46,248.77,353378.6568,87644279.2486556,149700
1559952000000,2019-06-08,ETHUSDT,248.78,250.53,240.37,243.25,188448.27748,46293916.7909609,108260
1560038400000,2019-06-09,ETHUSDT,243.33,244.53,226.56,230.98,316931.85638,74594101.4163109,147025
1560124800000,2019-06-10,ETHUSDT,231.02,247.45,227.03,246.51,314662.52637,75090336.6626488,162704
1560211200000,2019-06-11,ETHUSDT,246.61,247.8,236.49,244.29,237508.42798,57549753.7376492,133083
1560297600000,2019-06-12,ETHUSDT,244.36,261.87,242.2,261.15,336499.3016,84660448.5685657,171468
1560384000000,2019-06-13,ETHUSDT,261.13,262.98,253.69,254.67,291757.21635,75447391.0373403,159838
1560470400000,2019-06-14,ETHUSDT,254.67,264.26,251.75,262.47,327383.28236,84045849.5425799,175229
1560556800000,2019-06-15,ETHUSDT,262.48,272.27,260.61,267.82,286594.98029,76053046.5533358,146902
1560643200000,2019-06-16,ETHUSDT,267.78,277.06,263.31,267.73,458176.54236,123848161.4689518,206212
1560729600000,2019-06-17,ETHUSDT,267.73,276.0,266.81,273.16,339277.66707,91807270.7108816,185899
1560816000000,2019-06-18,ETHUSDT,273.14,273.58,261.45,264.66,319941.55156,85335852.9315235,184954
1560902400000,2019-06-19,ETHUSDT,264.68,270.0,263.59,268.14,208375.68381,55665919.1543959,111358
1560988800000,2019-06-20,ETHUSDT,268.16,273.63,265.71,271.22,200717.7737,53998507.956007,130438
1561075200000,2019-06-21,ETHUSDT,271.27,295.94,271.22,294.35,519818.06907,148641528.5342657,240649
1561161600000,2019-06-22,ETHUSDT,294.25,314.39,289.69,310.79,726254.67061,222036096.3352611,336414
1561248000000,2019-06-23,ETHUSDT,310.7,321.7,305.58,308.52,418812.02747,131252843.5293641,241819
1561334400000,2019-06-24,ETHUSDT,308.42,314.41,298.0,311.64,352791.26964,108439071.6445221,185588
1561420800000,2019-06-25,ETHUSDT,311.65,318.99,307.0,318.26,345559.65047,108143161.2256218,183415
1561507200000,2019-06-26,ETHUSDT,318.29,366.8,315.57,339.39,1008551.28721,341534154.5328709,477973
1561593600000,2019-06-27,ETHUSDT,339.53,347.0,280.01,298.35,1016826.449,315174509.7084831,449424
1561680000000,2019-06-28,ETHUSDT,298.35,313.58,295.22,311.05,529174.47722,161838706.7872334,260039
1561766400000,2019-06-29,ETHUSDT,310.95,324.74,295.18,317.62,425555.16264,130425514.0458484,233883
1561852800000,2019-06-30,ETHUSDT,317.64,323.5,290.12,292.7,489028.56835,149527443.5798294,265958
1561939200000,2019-07-01,ETHUSDT,292.89,303.49,280.13,295.07,489769.27421,142871936.7587887,247035
1562025600000,2019-07-02,ETHUSDT,295.03,297.57,272.65,291.48,493772.96579,140020251.9277511,255019
1562112000000,2019-07-03,ETHUSDT,291.47,302.89,285.0,301.14,370521.96637,109262202.2252374,203286
1562198400000,2019-07-04,ETHUSDT,301.11,302.74,280.53,282.73,270791.36878,79507234.7409,155911
1562284800000,2019-07-05,ETHUSDT,282.86,294.89,280.78,287.47,261139.28341,75165110.6986579,151476
1562371200000,2019-07-06,ETHUSDT,287.32,296.71,285.28,288.29,196064.64705,57137782.5984704,122419
1562457600000,2019-07-07,ETHUSDT,288.29,309.69,284.25,304.72,246111.36595,73170809.7629514,146592
1562544000000,2019-07-08,ETHUSDT,304.72,313.74,300.78,311.97,289607.34177,88890021.7460584,156865
1562630400000,2019-07-09,ETHUSDT,311.96,318.19,302.69,307.46,309447.34927,96199378.5403265,183056
1562716800000,2019-07-10,ETHUSDT,307.46,314.18,281.04,289.23,457080.94063,135779813.6086586,241966
1562803200000,2019-07-11,ETHUSDT,289.23,289.23,262.12,268.63,501592.75211,136450969.6452713,278211
1562889600000,2019-07-12,ETHUSDT,268.67,278.99,266.21,274.62,266734.54213,72743548.0414527,150653
1562976000000,2019-07-13,ETHUSDT,274.53,275.04,262.2,268.79,205959.26849,55323572.09371,132115
1563062400000,2019-07-14,ETHUSDT,268.8,269.74,222.81,225.85,540052.58421,130785858.9998518,260313
1563148800000,2019-07-15,ETHUSDT,225.83,235.58,203.08,228.2,715991.20688,159784811.6372373,320571
1563235200000,2019-07-16,ETHUSDT,228.2,234.5,192.25,198.88,715604.83198,151473621.6451511,315783
1563321600000,2019-07-17,ETHUSDT,198.94,219.86,191.84,210.81,694854.10132,143020071.9619188,306708
1563408000000,2019-07-18,ETHUSDT,210.8,229.65,205.71,225.73,609081.49094,132637638.7901553,264573
1563494400000,2019-07-19,ETHUSDT,225.75,226.23,212.52,220.73,371622.21865,81600507.572648,178357
1563580800000,2019-07-20,ETHUSDT,220.84,235.09,219.78,228.2,325393.97225,74182517.2396253,158590
1563667200000,2019-07-21,ETHUSDT,228.25,229.66,216.99,225.38,270046.1519,60421739.0469762,149561
1563753600000,2019-07-22,ETHUSDT,225.49,228.34,212.25,217.51,271310.40446,59602149.0419698,155651
1563840000000,2019-07-23,ETHUSDT,217.59,219.55,208.36,212.48,317876.48242,67930201.6731321,169515
1563926400000,2019-07-24,ETHUSDT,212.55,218.28,202.0,216.31,331162.6484,69281797.0165171,188919
1564012800000,2019-07-25,ETHUSDT,216.31,225.12,215.23,219.14,280370.29627,62017449.3573358,167223
1564099200000,2019-07-26,ETHUSDT,219.14,220.0,212.71,218.81,197781.98653,42839496.5355307,133271
1564185600000,2019-07-27,ETHUSDT,218.81,223.3,203.0,207.3,301209.41113,63931823.1551626,180170
1564272000000,2019-07-28,ETHUSDT,207.3,213.52,198.24,211.62,218801.16693,45414505.7900188,132599
1564358400000,2019-07-29,ETHUSDT,211.58,215.83,206.59,210.89,226941.28,47853275.1272464,133256
1564444800000,2019-07-30,ETHUSDT,210.84,214.36,204.4,209.58,222683.79393,46627086.4841072,129043
1564531200000,2019-07-31,ETHUSDT,209.57,218.79,209.2,218.42,207213.55658,44416634.9002688,122971
1564617600000,2019-08-01,ETHUSDT,218.42,219.39,210.54,216.84,186806.18844,40054998.6824046,116919
1564704000000,2019-08-02,ETHUSDT,216.8,222.18,214.31,217.61,206867.03039,45116694.8592759,123571
1564790400000,2019-08-03,ETHUSDT,217.69,224.51,216.62,222.14,181591.95296,40285734.5319214,110659
1564876800000,2019-08-04,ETHUSDT,222.14,223.34,216.9,221.79,135622.0258,29836777.6913328,90502
1564963200000,2019-08-05,ETHUSDT,221.79,236.25,221.79,233.54,307956.27211,70962003.8432999,173092
1565049600000,2019-08-06,ETHUSDT,233.53,239.15,223.03,226.28,341279.08159,78590684.0215889,172932
1565136000000,2019-08-07,ETHUSDT,226.31,231.25,220.95,226.1,279104.7037,63135096.4855769,159413
1565222400000,2019-08-08,ETHUSDT,226.11,228.5,215.51,221.39,236886.35423,52730777.0692849,132568
1565308800000,2019-08-09,ETHUSDT,221.38,221.79,207.3,210.53,232062.12757,49415315.754676,140538
1565395200000,2019-08-10,ETHUSDT,210.52,215.0,202.6,206.48,252614.02389,52534644.5700389,142706
1565481600000,2019-08-11,ETHUSDT,206.48,216.94,206.14,216.42,188474.09048,39875149.5480282,112904
1565568000000,2019-08-12,ETHUSDT,216.41,216.81,209.75,211.41,122760.94619,26091487.959004,85543
1565654400000,2019-08-13,ETHUSDT,211.58,214.3,204.0,209.3,166922.48201,34861802.3965168,102967
1565740800000,2019-08-14,ETHUSDT,209.31,209.9,183.49,187.1,325228.98931,63597043.1885792,171181
1565827200000,2019-08-15,ETHUSDT,187.08,189.95,181.23,188.03,237953.09426,44183760.7061055,119008
1565913600000,2019-08-16,ETHUSDT,187.98,188.39,178.04,184.88,282177.01584,51945182.4708607,150695
1566000000000,2019-08-17,ETHUSDT,184.83,187.0,181.83,185.59,138799.61508,25599796.9046516,101721
1566086400000,2019-08-18,ETHUSDT,185.67,197.91,183.35,194.33,175363.5062,33655229.0922308,102057
1566172800000,2019-08-19,ETHUSDT,194.32,203.59,192.7,202.28,239541.5978,47675347.062822,116606
1566259200000,2019-08-20,ETHUSDT,202.24,202.75,194.45,196.6,189297.75494,37412398.975662,109559
1566345600000,2019-08-21,ETHUSDT,196.55,197.2,179.53,187.45,284973.64194,53434048.9529292,150215
1566432000000,2019-08-22,ETHUSDT,187.45,195.14,182.8,190.35,245575.98772,46426395.0486722,160105
1566518400000,2019-08-23,ETHUSDT,190.36,196.19,188.16,194.02,192548.51552,37022930.5704567,128090
1566604800000,2019-08-24,ETHUSDT,194.02,194.09,185.63,190.6,167806.34294,31786227.8626633,104191
1566691200000,2019-08-25,ETHUSDT,190.6,192.4,182.8,186.54,169862.91522,31935951.290364,103115
1566777600000,2019-08-26,ETHUSDT,186.54,193.7,186.0,188.67,254397.79472,48298621.3154217,130551
1566864000000,2019-08-27,ETHUSDT,188.61,189.49,184.75,187.24,157898.563,29513243.50055,96138
1566950400000,2019-08-28,ETHUSDT,187.3,188.25,166.48,173.03,334480.61761,59498959.9665215,146334
1567036800000,2019-08-29,ETHUSDT,173.03,173.5,163.61,169.01,295241.216,49838097.1661885,142645
1567123200000,2019-08-30,ETHUSDT,169.03,170.77,165.55,168.5,238616.68868,40216956.5994906,114316
1567209600000,2019-08-31,ETHUSDT,168.48,174.98,165.63,171.57,194999.19583,32983642.8432588,101425
1567296000000,2019-09-01,ETHUSDT,171.52,173.42,167.61,170.74,191140.52368,32627380.9318131,93036
1567382400000,2019-09-02,ETHUSDT,170.73,181.0,170.02,178.05,294627.31247,51446380.4485707,116596
1567468800000,2019-09-03,ETHUSDT,178.0,183.0,174.09,178.75,327857.85447,58621819.3554533,147758
1567555200000,2019-09-04,ETHUSDT,178.79,180.14,173.0,174.72,286226.25171,50629395.4918831,140298
1567641600000,2019-09-05,ETHUSDT,174.7,176.19,168.1,173.75,232753.83596,40247496.5629039,123424
1567728000000,2019-09-06,ETHUSDT,173.74,177.87,165.0,169.08,315822.37984,54567316.6059573,146974
1567814400000,2019-09-07,ETHUSDT,169.11,180.8,168.3,177.62,253831.23169,44282963.3065402,134155
1567900800000,2019-09-08,ETHUSDT,177.58,184.18,176.13,181.19,290083.47501,52424648.7184664,143793
1567987200000,2019-09-09,ETHUSDT,181.18,185.38,176.01,180.54,273729.94868,49340881.2345897,140362
1568073600000,2019-09-10,ETHUSDT,180.52,184.36,177.0,179.81,238387.50999,43067898.9051214,116866
1568160000000,2019-09-11,ETHUSDT,179.87,182.8,173.0,178.28,278555.46708,49657474.9751696,130317
1568246400000,2019-09-12,ETHUSDT,178.3,182.38,176.62,180.72,203543.13663,36419973.2297372,102872
1568332800000,2019-09-13,ETHUSDT,180.71,181.38,177.54,180.95,264422.54059,47382425.1919217,109752
1568419200000,2019-09-14,ETHUSDT,180.96,188.79,179.75,188.13,279371.83423,51424561.3917001,113052
1568505600000,2019-09-15,ETHUSDT,188.14,190.45,185.76,189.03,288928.60827,54373471.3852245,106052
1568592000000,2019-09-16,ETHUSDT,189.05,199.44,188.3,197.22,551006.81686,106449156.0300247,166031
1568678400000,2019-09-17,ETHUSDT,197.23,215.13,195.74,207.84,715863.2262,145945114.8695818,214041
1568764800000,2019-09-18,ETHUSDT,207.85,217.27,207.66,210.21,539028.51013,114703107.2717186,182943
1568851200000,2019-09-19,ETHUSDT,210.27,223.94,202.3,220.24,844358.82155,179595728.8138375,230867
1568937600000,2019-09-20,ETHUSDT,220.26,221.54,212.05,218.03,437804.12669,95069640.6241525,133129
1569024000000,2019-09-21,ETHUSDT,218.01,221.5,213.2,215.05,417891.5242,90638548.2352924,105391
1569110400000,2019-09-22,ETHUSDT,215.04,215.61,206.1,211.2,445388.94787,93662351.5045333,108397
1569196800000,2019-09-23,ETHUSDT,211.2,211.68,198.65,201.29,392437.07084,80922890.4608859,121866
1569283200000,2019-09-24,ETHUSDT,201.25,202.98,150.03,165.81,1478218.82714,263412071.5312026,383778
1569369600000,2019-09-25,ETHUSDT,165.72,174.85,161.88,169.96,879001.46213,147619414.1358966,251456
1569456000000,2019-09-26,ETHUSDT,169.96,171.01,152.11,165.92,779942.17148,127948136.2708905,202020
1569542400000,2019-09-27,ETHUSDT,165.92,176.72,161.03,173.79,634932.96707,106461443.899721,183611
1569628800000,2019-09-28,ETHUSDT,173.83,175.49,168.0,173.49,521775.46593,90120971.1669136,159337
1569715200000,2019-09-29,ETHUSDT,173.5,174.5,164.12,169.24,410855.12176,69327213.6474489,136438
1569801600000,2019-09-30,ETHUSDT,169.26,181.24,165.01,180.85,580295.3997,100443187.7716862,175354
1569888000000,2019-10-01,ETHUSDT,180.89,185.53,173.19,175.66,609819.60828,109337395.1379327,168492
1569974400000,2019-10-02,ETHUSDT,175.65,181.29,173.65,180.24,348268.1162,61530973.8042317,96660
1570060800000,2019-10-03,ETHUSDT,180.24,180.72,169.55,174.69,354756.78478,62001237.4817829,101114
1570147200000,2019-10-04,ETHUSDT,174.71,178.98,170.74,175.55,333897.63876,58470302.1445434,89655
1570233600000,2019-10-05,ETHUSDT,175.55,176.71,172.02,176.25,278488.61771,48647162.438982,90341
1570320000000,2019-10-06,ETHUSDT,176.23,177.04,167.68,170.1,314932.39629,54241930.1254795,114662
1570406400000,2019-10-07,ETHUSDT,170.08,182.32,168.68,179.85,496523.48038,87617964.5675863,159802
1570492800000,2019-10-08,ETHUSDT,179.88,184.87,177.0,180.6,400832.37828,72432729.9845929,139925
1570579200000,2019-10-09,ETHUSDT,180.61,195.53,178.96,192.62,562506.82189,105551736.4844096,182290
1570665600000,2019-10-10,ETHUSDT,192.61,194.2,186.88,191.14,436588.58452,83367952.3933486,150166
1570752000000,2019-10-11,ETHUSDT,191.18,196.65,179.41,180.72,621693.63125,115872479.7661273,181427
1570838400000,2019-10-12,ETHUSDT,180.65,184.64,177.59,179.68,290415.22038,52895345.3826257,118775
1570924800000,2019-10-13,ETHUSDT,179.65,184.95,178.52,180.99,247589.23231,45067340.4221513,113448
1571011200000,2019-10-14,ETHUSDT,180.98,187.54,180.43,186.72,279732.84612,51494870.2773636,123915
1571097600000,2019-10-15,ETHUSDT,186.7,188.37,175.96,180.49,405466.38109,73998014.4472151,155734
1571184000000,2019-10-16,ETHUSDT,180.52,181.44,171.81,174.47,347764.93459,61180262.7759032,151051
1571270400000,2019-10-17,ETHUSDT,174.52,178.96,172.61,177.16,298795.8198,52578052.9440327,133295
1571356800000,2019-10-18,ETHUSDT,177.17,177.44,168.66,172.74,319602.48508,55285684.61343,139612
1571443200000,2019-10-19,ETHUSDT,172.78,174.98,169.44,171.79,296918.73026,51269466.0425387,127763
1571529600000,2019-10-20,ETHUSDT,171.84,176.88,169.21,175.22,299141.07152,51654250.0652548,125469
1571616000000,2019-10-21,ETHUSDT,175.18,177.9,171.59,173.98,270608.51385,47204344.2406268,128045
1571702400000,2019-10-22,ETHUSDT,174.0,175.04,170.3,171.2,255429.41624,44176123.2085981,123180
1571788800000,2019-10-23,ETHUSDT,171.19,171.49,153.45,162.35,746955.09806,121126428.2285973,238790
1571875200000,2019-10-24,ETHUSDT,162.35,163.72,158.72,160.38,387310.83766,62419095.1068171,159778
1571961600000,2019-10-25,ETHUSDT,160.39,187.78,160.25,181.5,904832.86059,157496890.7226022,267143
1572048000000,2019-10-26,ETHUSDT,181.53,197.74,173.8,179.49,1211737.43684,222906937.7909978,373782
1572134400000,2019-10-27,ETHUSDT,179.42,188.7,176.22,183.75,724423.40525,132329593.3936198,262415
1572220800000,2019-10-28,ETHUSDT,183.84,189.48,180.35,181.72,582179.44545,106933716.670613,225343
1572307200000,2019-10-29,ETHUSDT,181.67,192.74,181.26,190.46,529964.5054,99024969.8434844,212841
1572393600000,2019-10-30,ETHUSDT,190.45,191.71,179.28,183.13,537770.43056,99508269.890319,194946
1572480000000,2019-10-31,ETHUSDT,183.14,185.27,177.66,182.18,410969.86104,74696032.7315675,167038
1572566400000,2019-11-01,ETHUSDT,182.19,184.5,177.02,182.85,331519.76963,60092727.1391759,154534
1572652800000,2019-11-02,ETHUSDT,182.86,186.0,181.53,182.91,179864.39739,32936676.7082053,107048
1572739200000,2019-11-03,ETHUSDT,182.9,184.7,178.95,181.54,232621.52147,42260620.3770286,109861
1572825600000,2019-11-04,ETHUSDT,181.53,188.64,180.36,185.71,321175.29134,59357371.3141338,147624
1572912000000,2019-11-05,ETHUSDT,185.71,192.51,182.22,188.68,389668.6472,73036074.7809727,184562
1572998400000,2019-11-06,ETHUSDT,188.65,195.09,187.72,191.16,343219.9224,65471595.2070074,160110
1573084800000,2019-11-07,ETHUSDT,191.16,192.27,184.59,186.68,309882.08206,58150631.2768295,152881
1573171200000,2019-11-08,ETHUSDT,186.67,188.26,181.41,183.74,365029.75027,67305417.4050575,167904
1573257600000,2019-11-09,ETHUSDT,183.71,185.79,182.63,184.89,192073.38044,35441967.7656995,112521
1573344000000,2019-11-10,ETHUSDT,184.86,191.58,183.3,188.96,274940.53448,51648623.2863399,133008
1573430400000,2019-11-11,ETHUSDT,188.96,190.19,184.06,184.98,255579.93429,47746876.4565624,128079
1573516800000,2019-11-12,ETHUSDT,184.98,187.65,182.41,187.09,256782.63119,47636043.3528847,124488
1573603200000,2019-11-13,ETHUSDT,187.09,189.66,185.3,188.11,197273.84001,36936429.9359435,89631
1573689600000,2019-11-14,ETHUSDT,188.07,188.72,183.34,184.92,245505.29971,45523714.0985551,114266
1573776000000,2019-11-15,ETHUSDT,184.93,186.7,177.67,180.0,407466.78964,74217250.1727187,156868
1573862400000,2019-11-16,ETHUSDT,179.99,183.46,179.3,182.37,172801.52576,31378510.0153897,89596
1573948800000,2019-11-17,ETHUSDT,182.37,186.09,180.0,183.82,198892.4372,36509968.6991013,93753
1574035200000,2019-11-18,ETHUSDT,183.82,184.06,175.01,178.2,293551.23632,52985734.2807839,131823
1574121600000,2019-11-19,ETHUSDT,178.2,178.52,172.65,175.94,275886.6411,48414106.9569336,125824
1574208000000,2019-11-20,ETHUSDT,175.93,177.41,173.5,174.72,216315.93309,38001672.1930986,106534
1574294400000,2019-11-21,ETHUSDT,174.75,175.85,157.26,161.01,473895.92992,78641896.2303806,178521
1574380800000,2019-11-22,ETHUSDT,161.02,162.79,138.0,149.56,977977.23794,147595324.5643929,324167
1574467200000,2019-11-23,ETHUSDT,149.55,154.33,146.11,151.84,369721.0996,55595157.5640424,177816
1574553600000,2019-11-24,ETHUSDT,151.84,152.86,138.62,139.96,352319.21558,51503705.1777392,158774
1574640000000,2019-11-25,ETHUSDT,139.99,151.5,131.45,145.69,749675.41303,106186791.3371651,238649
1574726400000,2019-11-26,ETHUSDT,145.81,149.97,143.37,147.47,354023.04298,51873405.0392909,132207
1574812800000,2019-11-27,ETHUSDT,147.47,155.54,140.84,152.62,564796.4284,83505998.0548896,192325
1574899200000,2019-11-28,ETHUSDT,152.61,154.63,149.09,150.72,317714.56326,48324220.6205619,124573
1574985600000,2019-11-29,ETHUSDT,150.69,157.6,150.23,154.57,328712.25558,50649319.1209473,129774
1575072000000,2019-11-30,ETHUSDT,154.54,155.25,149.7,151.37,226863.41299,34617912.1786886,96632
1575158400000,2019-12-01,ETHUSDT,151.43,152.49,145.79,150.73,344178.14088,51148792.0829982,125550
1575244800000,2019-12-02,ETHUSDT,150.72,151.42,146.71,148.65,233839.0973,34768563.4718647,107070
1575331200000,2019-12-03,ETHUSDT,148.66,149.93,145.77,147.17,196329.22503,29061161.1017757,87660
1575417600000,2019-12-04,ETHUSDT,147.19,151.98,143.15,145.38,434430.62379,63840615.2439176,149648
1575504000000,2019-12-05,ETHUSDT,145.45,149.02,143.64,148.1,299073.53972,43777241.5908236,111694
1575590400000,2019-12-06,ETHUSDT,148.11,149.77,145.74,148.45,220674.68581,32549526.3995979,90076
1575676800000,2019-12-07,ETHUSDT,148.46,149.49,146.85,147.14,140471.68588,20799551.3456956,70677
1575763200000,2019-12-08,ETHUSDT,147.16,151.62,146.11,150.44,205301.6026,30606289.2853915,79766
1575849600000,2019-12-09,ETHUSDT,150.44,151.19,146.56,147.38,243775.99249,36345702.3480885,92204
1575936000000,2019-12-10,ETHUSDT,147.4,148.57,143.81,145.56,203215.84937,29746845.4324287,85725
1576022400000,2019-12-11,ETHUSDT,145.53,146.34,142.12,143.39,157843.10484,22772651.1681289,69834
1576108800000,2019-12-12,ETHUSDT,143.41,145.85,139.24,144.87,261615.30437,37425277.0381235,99231
1576195200000,2019-12-13,ETHUSDT,144.87,146.0,142.8,144.8,160695.18556,23203419.9616187,90805
1576281600000,2019-12-14,ETHUSDT,144.8,145.07,141.18,141.79,126232.59201,18027581.3595459,76951
1576368000000,2019-12-15,ETHUSDT,141.79,144.12,139.92,142.46,151189.65877,21495196.818885,77131
1576454400000,2019-12-16,ETHUSDT,142.46,142.72,127.93,132.73,471018.85942,63632055.5849407,153717
1576540800000,2019-12-17,ETHUSDT,132.72,132.98,119.11,121.88,563257.36001,71709329.2689193,178977
1576627200000,2019-12-18,ETHUSDT,121.88,134.87,116.26,132.78,884960.91334,110566290.5693325,252627
1576713600000,2019-12-19,ETHUSDT,132.8,134.0,125.69,128.1,420674.8172,53766864.1851899,154222
1576800000000,2019-12-20,ETHUSDT,128.1,129.39,125.84,128.19,213897.4673,27266605.4848642,90922
1576886400000,2019-12-21,ETHUSDT,128.19,128.4,126.5,126.99,135196.11641,17199278.7946842,64847
1576972800000,2019-12-22,ETHUSDT,127.0,133.07,126.82,132.09,253140.72413,32938501.021757,91028
1577059200000,2019-12-23,ETHUSDT,132.12,135.1,126.0,127.8,421600.75655,55501305.920123,145867
1577145600000,2019-12-24,ETHUSDT,127.8,129.69,126.61,127.75,200637.10098,25667665.1420103,87657
1577232000000,2019-12-25,ETHUSDT,127.7,127.84,123.07,125.09,225004.4909,28144469.160729,93397
1577318400000,2019-12-26,ETHUSDT,125.09,132.26,124.32,125.58,274986.52097,34943780.9092039,103034
1577404800000,2019-12-27,ETHUSDT,125.58,127.1,121.91,126.29,240012.37451,30020098.8891311,102142
1577491200000,2019-12-28,ETHUSDT,126.28,129.68,125.84,128.11,196893.52277,25177121.1470641,82441
1577577600000,2019-12-29,ETHUSDT,128.11,138.07,127.52,134.36,316347.26666,41893078.3622121,115498
1577664000000,2019-12-30,ETHUSDT,134.36,136.24,130.3,131.59,320347.21956,42636559.3824152,101293
1577750400000,2019-12-31,ETHUSDT,131.61,133.68,128.17,129.16,264933.98418,34678632.1795937,95085
1577836800000,2020-01-01,ETHUSDT,129.16,133.05,128.68,130.77,144770.52197,18952318.5320643,75888
1577923200000,2020-01-02,ETHUSDT,130.72,130.78,126.38,127.19,213757.05806,27486853.3948215,96193
1578009600000,2020-01-03,ETHUSDT,127.19,135.14,125.88,134.35,413055.18895,54139288.2165768,162310
1578096000000,2020-01-04,ETHUSDT,134.37,135.85,132.5,134.2,184276.17102,24641135.568953,95488
1578182400000,2020-01-05,ETHUSDT,134.2,138.19,134.19,135.37,254120.45343,34593687.6032748,115106
1578268800000,2020-01-06,ETHUSDT,135.37,144.41,134.86,144.15,408020.27375,57400544.487257,159866
1578355200000,2020-01-07,ETHUSDT,144.14,145.31,138.76,142.8,447762.17281,63861666.4047594,188444
1578441600000,2020-01-08,ETHUSDT,142.8,147.77,137.03,140.72,570465.57764,81184999.7319576,229912
1578528000000,2020-01-09,ETHUSDT,140.76,141.5,135.3,137.74,366076.06569,50611452.5846448,152241
1578614400000,2020-01-10,ETHUSDT,137.73,145.17,135.32,144.84,409403.59507,57377525.5626822,167313
1578700800000,2020-01-11,ETHUSDT,144.83,148.05,142.09,142.38,368350.57939,53149360.5617478,156488
1578787200000,2020-01-12,ETHUSDT,142.4,146.6,141.76,146.54,229541.86137,33112850.8222346,110842
1578873600000,2020-01-13,ETHUSDT,146.56,147.0,142.27,143.58,207996.61865,29888095.3670508,102544
1578960000000,2020-01-14,ETHUSDT,143.58,171.7,143.51,165.64,1108476.31186,173492006.2482075,321408
1579046400000,2020-01-15,ETHUSDT,165.6,171.98,159.2,166.4,721687.80381,119239937.9299424,251183
1579132800000,2020-01-16,ETHUSDT,166.4,167.4,157.8,164.21,456170.86719,74038650.829131,179108
1579219200000,2020-01-17,ETHUSDT,164.24,174.81,162.14,169.85,767180.67853,129909265.2561568,273867
1579305600000,2020-01-18,ETHUSDT,169.92,179.5,164.92,174.14,688783.17982,119388338.7524942,240660
1579392000000,2020-01-19,ETHUSDT,174.1,178.05,161.66,166.79,624681.28604,105691368.8196623,203953
1579478400000,2020-01-20,ETHUSDT,166.79,169.33,161.24,166.87,358092.8841,59292534.7174649,130615
1579564800000,2020-01-21,ETHUSDT,166.86,170.32,164.8,169.49,308007.6353,51615232.5669897,125609
1579651200000,2020-01-22,ETHUSDT,169.48,171.47,166.03,168.07,272240.90286,45903134.1629132,111017
1579737600000,2020-01-23,ETHUSDT,168.07,168.2,159.21,162.81,373414.34985,60971659.7745824,150875
1579824000000,2020-01-24,ETHUSDT,162.85,164.45,155.55,162.54,430013.19902,68980724.0604947,145668
1579910400000,2020-01-25,ETHUSDT,162.51,162.79,157.61,160.35,219921.65197,35196608.3063368,95448
1579996800000,2020-01-26,ETHUSDT,160.36,168.08,159.41,167.86,251582.55758,41239031.3379062,116628
1580083200000,2020-01-27,ETHUSDT,167.91,172.56,165.22,170.08,365894.81917,61846624.6145389,157072
1580169600000,2020-01-28,ETHUSDT,170.04,176.2,170.03,175.64,473433.89609,81649497.4929489,178990
1580256000000,2020-01-29,ETHUSDT,175.58,178.45,173.33,173.72,317382.90161,55988230.2743514,145062
1580342400000,2020-01-30,ETHUSDT,173.68,187.0,170.93,184.69,477721.6609,85164074.082316,189458
1580428800000,2020-01-31,ETHUSDT,184.71,185.82,175.22,179.99,385596.53365,69633052.2826392,157597
1580515200000,2020-02-01,ETHUSDT,179.94,184.28,179.23,183.6,259370.12902,47263178.0667823,124149
1580601600000,2020-02-02,ETHUSDT,183.63,193.43,179.1,188.44,552621.13619,104105613.5587851,222425
1580688000000,2020-02-03,ETHUSDT,188.48,195.19,186.62,189.69,417175.95781,79336312.5246923,181726
1580774400000,2020-02-04,ETHUSDT,189.74,191.6,184.69,188.91,366389.69686,68720832.6152937,173353
1580860800000,2020-02-05,ETHUSDT,188.91,207.61,188.19,203.78,550942.11417,108659358.5359186,241415
1580947200000,2020-02-06,ETHUSDT,203.78,216.33,201.02,213.19,608240.2233,127874220.8146868,276196
1581033600000,2020-02-07,ETHUSDT,213.16,225.0,213.14,223.33,629361.15466,138524804.2175759,268274
1581120000000,2020-02-08,ETHUSDT,223.36,227.75,213.22,223.05,548551.87465,122069507.6551116,257281
1581206400000,2020-02-09,ETHUSDT,223.01,230.65,222.86,228.49,350336.24399,79674647.0001999,183735
1581292800000,2020-02-10,ETHUSDT,228.53,229.4,216.37,222.89,510415.49949,113385288.9503017,232617
1581379200000,2020-02-11,ETHUSDT,222.89,239.15,218.17,236.69,595576.90276,135863928.6243058,250241
1581465600000,2020-02-12,ETHUSDT,236.69,275.34,236.69,265.74,1038073.74782,266734296.5502973,415316
1581552000000,2020-02-13,ETHUSDT,265.74,277.69,256.08,268.32,1089679.1537,291533156.0916954,422008
1581638400000,2020-02-14,ETHUSDT,268.34,287.15,260.28,285.15,734944.32266,201120424.5832201,309022
1581724800000,2020-02-15,ETHUSDT,285.11,288.41,261.86,264.88,860813.14274,236287101.09867713,348934
1581811200000,2020-02-16,ETHUSDT,264.91,274.0,237.41,258.85,1110118.46395,286269166.28143686,416082
1581897600000,2020-02-17,ETHUSDT,258.89,268.77,242.0,267.85,1110371.39094,280371301.75499165,417529
1581984000000,2020-02-18,ETHUSDT,267.9,285.88,258.0,282.61,1115523.43992,304162263.306139,431799
1582070400000,2020-02-19,ETHUSDT,282.64,285.0,251.56,258.45,705973.72988,191887955.75834832,298048
1582156800000,2020-02-20,ETHUSDT,258.44,264.33,245.34,256.96,972969.71691,249383114.01101127,373551
1582243200000,2020-02-21,ETHUSDT,256.97,268.24,253.61,265.27,525827.8734,137848242.4279305,214306
1582329600000,2020-02-22,ETHUSDT,265.32,266.81,256.0,261.57,313062.52133,81781388.3193534,136810
1582416000000,2020-02-23,ETHUSDT,261.55,275.68,261.02,274.48,444740.82883,120024058.9719663,178464
1582502400000,2020-02-24,ETHUSDT,274.5,277.2,257.09,265.52,696591.72983,185949182.70858073,263161
1582588800000,2020-02-25,ETHUSDT,265.47,266.22,244.44,246.67,774791.01027,197442911.54473168,277457
1582675200000,2020-02-26,ETHUSDT,246.67,250.32,215.66,223.93,1395879.41507,324229460.6211602,454355
1582761600000,2020-02-27,ETHUSDT,223.98,238.3,210.0,227.79,1273793.11658,287322727.2967257,415969
1582848000000,2020-02-28,ETHUSDT,227.73,234.67,214.01,226.76,1054994.92397,236064804.3345943,347125
1582934400000,2020-02-29,ETHUSDT,226.76,233.0,217.0,217.21,546866.6851,123635801.0178253,211771
1583020800000,2020-03-01,ETHUSDT,217.29,227.89,212.36,217.81,715016.01941,157064953.8422779,265577
1583107200000,2020-03-02,ETHUSDT,217.81,234.4,216.07,231.97,810051.4833,182948651.6764531,258680
1583193600000,2020-03-03,ETHUSDT,232.1,232.46,219.57,223.91,741498.54825,168090325.5387924,253103
1583280000000,2020-03-04,ETHUSDT,223.84,228.85,220.23,224.26,443780.33772,99650220.5416208,167247
1583366400000,2020-03-05,ETHUSDT,224.26,234.09,224.23,228.38,601479.87587,138081898.2866681,227242
1583452800000,2020-03-06,ETHUSDT,228.38,245.16,227.33,244.88,628147.3257,148563741.8329924,234091
1583539200000,2020-03-07,ETHUSDT,244.93,251.93,236.0,237.23,633748.89662,154037325.6113068,238113
1583625600000,2020-03-08,ETHUSDT,237.23,237.23,195.5,199.43,1278973.53741,277970187.8682601,412787
1583712000000,2020-03-09,ETHUSDT,199.43,208.62,190.0,202.81,1661331.83553,332570408.53515285,473504
1583798400000,2020-03-10,ETHUSDT,202.79,206.2,195.54,200.7,1020260.107,205536190.1939392,332398
1583884800000,2020-03-11,ETHUSDT,200.74,203.18,181.73,194.61,1079824.90167,208232375.1862015,344156
1583971200000,2020-03-12,ETHUSDT,194.61,195.55,101.2,107.82,3814533.14046,548668262.2347236,937284
1584057600000,2020-03-13,ETHUSDT,107.67,139.68,86.0,134.06,4663239.92861,560710331.8421754,1199923
1584144000000,2020-03-14,ETHUSDT,134.06,134.68,120.0,122.54,1237674.88642,159192895.5526197,398146
1584230400000,2020-03-15,ETHUSDT,122.54,133.5,120.16,123.78,1312950.90137,163436235.2690902,346579
1584316800000,2020-03-16,ETHUSDT,123.82,124.33,101.1,111.02,2442064.14448,270353891.8050036,663277
1584403200000,2020-03-17,ETHUSDT,111.02,120.8,109.38,115.67,1295108.4848,150800664.0719546,378258
1584489600000,2020-03-18,ETHUSDT,115.67,118.5,109.86,118.11,1201850.31275,137550912.0855171,346312
1584576000000,2020-03-19,ETHUSDT,118.11,143.13,115.46,136.3,1801071.18816,231626928.16070488,489147
1584662400000,2020-03-20,ETHUSDT,136.3,152.55,116.74,133.48,2504057.63799,345856006.74779886,707216
1584748800000,2020-03-21,ETHUSDT,133.49,137.49,125.69,132.66,1231842.11121,162468451.7723149,401288
1584835200000,2020-03-22,ETHUSDT,132.63,137.13,121.1,122.32,1055699.86532,135927941.0795197,337273
1584921600000,2020-03-23,ETHUSDT,122.31,137.5,119.5,135.92,1436796.12449,184851609.124269,416820
1585008000000,2020-03-24,ETHUSDT,135.89,143.36,132.2,138.42,1244377.16334,171156363.6923024,381573
1585094400000,2020-03-25,ETHUSDT,138.42,142.33,132.54,136.1,1034248.74369,141795323.026871,317580
1585180800000,2020-03-26,ETHUSDT,136.11,139.74,133.26,138.4,751060.63102,101918769.6722933,248508
1585267200000,2020-03-27,ETHUSDT,138.4,141.27,129.68,131.33,706948.54559,96581886.8789469,224835
1585353600000,2020-03-28,ETHUSDT,131.33,132.97,124.88,130.98,896032.10594,115166651.9700742,274768
1585440000000,2020-03-29,ETHUSDT,130.94,131.84,123.81,124.5,543997.0,69434202.2054717,182914
1585526400000,2020-03-30,ETHUSDT,124.47,135.42,124.06,132.06,764831.92747,100271145.862563,241576
1585612800000,2020-03-31,ETHUSDT,132.09,135.0,130.38,132.72,547669.27789,72618183.4805954,172692
1585699200000,2020-04-01,ETHUSDT,132.72,136.99,128.62,135.69,680922.24747,90063924.2303974,199637
1585785600000,2020-04-02,ETHUSDT,135.65,149.76,135.01,141.28,1138977.66114,159989506.6049454,314519
1585872000000,2020-04-03,ETHUSDT,141.27,146.72,137.26,141.31,797546.11446,113731706.7149998,239800
1585958400000,2020-04-04,ETHUSDT,141.3,146.28,138.88,144.1,573508.14086,81640622.8284323,178768
1586044800000,2020-04-05,ETHUSDT,144.1,145.58,140.68,142.68,414987.45246,59383946.1274414,134223
1586131200000,2020-04-06,ETHUSDT,142.69,172.0,142.6,171.32,1636338.7311,257097597.7838753,432858
1586217600000,2020-04-07,ETHUSDT,171.32,176.22,162.22,164.63,1717962.82538,292710722.5822484,446557
1586304000000,2020-04-08,ETHUSDT,164.62,174.48,163.59,173.11,1023575.92076,173916484.7861551,287799
1586390400000,2020-04-09,ETHUSDT,173.15,173.38,165.19,169.52,719837.24423,122531131.9559583,212541
1586476800000,2020-04-10,ETHUSDT,169.56,170.1,152.11,157.81,1314841.362,209535613.3236714,323430
1586563200000,2020-04-11,ETHUSDT,157.81,161.37,153.91,158.33,621599.61289,98275533.0626367,168046
1586649600000,2020-04-12,ETHUSDT,158.33,164.78,155.0,158.59,809100.24594,129919934.4437653,223429
1586736000000,2020-04-13,ETHUSDT,158.56,158.97,150.0,156.29,1042091.03622,160423270.303715,255965
1586822400000,2020-04-14,ETHUSDT,156.28,161.85,155.23,158.45,698030.65089,110710086.104009,178490
1586908800000,2020-04-15,ETHUSDT,158.46,161.29,152.0,152.73,729119.66505,114640840.1155165,186226
1586995200000,2020-04-16,ETHUSDT,152.74,174.79,148.33,172.29,1647207.59991,273639160.0693875,389854
1587081600000,2020-04-17,ETHUSDT,172.31,174.96,168.31,170.69,723537.75591,123553456.3196786,191289
1587168000000,2020-04-18,ETHUSDT,170.61,189.54,170.48,187.4,1127296.36979,203132211.95640913,286172
1587254400000,2020-04-19,ETHUSDT,187.4,188.35,175.75,180.03,995759.5775,181415813.5026948,270668
1587340800000,2020-04-20,ETHUSDT,180.02,186.46,166.7,170.2,1547821.52737,273854539.803801,365589
1587427200000,2020-04-21,ETHUSDT,170.21,174.7,168.0,170.74,906381.65398,155292048.4357902,228262
1587513600000,2020-04-22,ETHUSDT,170.73,184.0,169.78,182.7,988698.39076,176079076.9274995,246896
1587600000000,2020-04-23,ETHUSDT,182.7,193.63,178.16,185.51,1457867.08713,270862911.3685654,363772
1587686400000,2020-04-24,ETHUSDT,185.57,189.8,184.72,187.59,780904.21257,146419748.0816482,222074
1587772800000,2020-04-25,ETHUSDT,187.6,198.36,185.76,194.21,866478.04928,167703202.4250513,244755
1587859200000,2020-04-26,ETHUSDT,194.21,200.0,192.3,197.38,758525.81533,148433709.7771867,228826
1587945600000,2020-04-27,ETHUSDT,197.39,199.05,189.29,196.34,896627.37271,174775637.9272757,238341
1588032000000,2020-04-28,ETHUSDT,196.33,198.5,192.36,196.24,636829.89397,124476041.8893834,183819
1588118400000,2020-04-29,ETHUSDT,196.24,218.77,196.22,215.36,1620422.72431,338324593.63729167,445147
1588204800000,2020-04-30,ETHUSDT,215.4,227.3,202.0,206.08,1749691.00151,374893029.7743084,557268
1588291200000,2020-05-01,ETHUSDT,206.07,217.14,205.91,212.02,794913.95828,168339123.3579139,291365
1588377600000,2020-05-02,ETHUSDT,212.01,215.37,210.36,213.9,443494.67248,94389501.5178164,185802
1588464000000,2020-05-03,ETHUSDT,213.89,219.3,203.92,209.86,748383.91311,158874887.0783411,268841
1588550400000,2020-05-04,ETHUSDT,209.86,210.65,194.88,206.48,1114249.32658,225451167.65536833,349701
1588636800000,2020-05-05,ETHUSDT,206.47,211.68,201.0,205.29,640644.66268,131906204.907813,246124
1588723200000,2020-05-06,ETHUSDT,205.3,210.77,197.71,198.97,862700.67849,178157452.6008412,271299
1588809600000,2020-05-07,ETHUSDT,198.92,215.1,196.43,212.0,1305778.73764,271197927.6650278,380313
1588896000000,2020-05-08,ETHUSDT,212.01,216.61,206.9,211.31,917908.1944,194579529.42776328,262122
1588982400000,2020-05-09,ETHUSDT,211.32,214.6,208.4,210.07,587871.98073,124626471.4270353,194059
1589068800000,2020-05-10,ETHUSDT,210.09,210.18,179.59,187.54,1473226.05475,278394290.7597346,426358
1589155200000,2020-05-11,ETHUSDT,187.62,193.5,176.0,185.73,1093299.81927,203391530.20617393,303669
1589241600000,2020-05-12,ETHUSDT,185.8,192.24,185.48,189.76,669755.79567,126810812.1681708,193978
1589328000000,2020-05-13,ETHUSDT,189.77,201.0,188.35,199.58,806143.00704,156637596.3649246,212710
1589414400000,2020-05-14,ETHUSDT,199.61,206.02,195.67,203.29,1114700.24937,224233786.1267099,285245
1589500800000,2020-05-15,ETHUSDT,203.29,204.08,191.66,194.86,904749.6357,179634085.6227692,230721
1589587200000,2020-05-16,ETHUSDT,194.87,203.5,193.21,200.45,669900.03754,134060788.4941839,174447
1589673600000,2020-05-17,ETHUSDT,200.44,209.85,199.68,207.0,708711.89315,145341278.6813549,180088
1589760000000,2020-05-18,ETHUSDT,207.02,217.07,207.0,214.91,1064139.2485,226789027.1500804,249528
1589846400000,2020-05-19,ETHUSDT,214.92,215.95,209.45,214.58,643702.98849,136846948.5568056,186027
1589932800000,2020-05-20,ETHUSDT,214.6,215.75,204.27,209.98,679532.61037,143704806.1752408,195172
1590019200000,2020-05-21,ETHUSDT,209.99,211.64,191.71,198.74,1003923.4342,203445710.96284488,258415
1590105600000,2020-05-22,ETHUSDT,198.72,209.19,196.24,207.36,787672.36081,159972608.5341661,217659
1590192000000,2020-05-23,ETHUSDT,207.36,211.2,204.55,206.6,478559.92006,99461068.1046647,150729
1590278400000,2020-05-24,ETHUSDT,206.6,210.55,199.5,199.9,673535.05784,138917619.2336207,204534
1590364800000,2020-05-25,ETHUSDT,199.9,205.67,198.01,204.15,469931.62492,95411610.7976347,171792
1590451200000,2020-05-26,ETHUSDT,204.22,205.0,196.9,200.89,477176.7353,96116808.8580913,167702
1590537600000,2020-05-27,ETHUSDT,200.92,208.44,200.76,208.29,494816.72727,101445351.0256632,167619
1590624000000,2020-05-28,ETHUSDT,208.29,220.5,204.67,220.21,643945.97769,136361627.3464155,219160
1590710400000,2020-05-29,ETHUSDT,220.24,224.79,217.57,220.67,603058.0759,133220045.4954706,217959
1590796800000,2020-05-30,ETHUSDT,220.63,247.0,218.8,243.66,1019550.75146,238678839.8093044,341862
1590883200000,2020-05-31,ETHUSDT,243.71,245.39,229.58,231.57,821608.68884,194867426.2941862,320066
1590969600000,2020-06-01,ETHUSDT,231.56,250.68,230.66,248.23,823816.69936,198791911.8470442,318497
1591056000000,2020-06-02,ETHUSDT,248.23,253.8,225.0,237.71,955520.91863,230680327.3092915,355417
1591142400000,2020-06-03,ETHUSDT,237.71,245.0,232.71,244.52,502928.13371,120179301.1789864,213792
1591228800000,2020-06-04,ETHUSDT,244.54,246.6,236.0,243.21,669369.3392,162460397.6276741,253226
1591315200000,2020-06-05,ETHUSDT,243.22,247.87,239.14,240.03,502547.41103,122084004.5169755,205337
1591401600000,2020-06-06,ETHUSDT,240.04,244.7,237.83,241.94,389423.07798,93979350.8126339,161709
1591488000000,2020-06-07,ETHUSDT,241.94,245.37,234.6,244.56,571102.55515,137165732.6476166,226478
1591574400000,2020-06-08,ETHUSDT,244.57,247.7,240.59,246.4,383116.54719,93355224.9683087,159981
1591660800000,2020-06-09,ETHUSDT,246.37,249.82,238.0,243.8,420327.17133,102374504.5738972,185974
1591747200000,2020-06-10,ETHUSDT,243.79,250.28,242.0,247.78,431285.61715,105797248.2474257,185330
1591833600000,2020-06-11,ETHUSDT,247.78,250.09,226.2,230.51,816456.89161,195063781.2764491,312655
1591920000000,2020-06-12,ETHUSDT,230.46,239.38,228.19,237.55,446515.34124,105069425.0901067,181977
1592006400000,2020-06-13,ETHUSDT,237.55,238.73,234.66,238.11,253797.7809,60087772.6524653,134555
1592092800000,2020-06-14,ETHUSDT,238.13,238.59,229.83,231.77,304943.21188,71575514.0802726,158093
1592179200000,2020-06-15,ETHUSDT,231.74,233.55,218.27,230.86,875026.92057,197907504.7787736,308126
1592265600000,2020-06-16,ETHUSDT,230.86,236.0,228.7,235.3,499194.66758,116456364.2312683,188136
1592352000000,2020-06-17,ETHUSDT,235.31,237.3,227.65,233.82,478187.2917,111415059.0562623,189653
1592438400000,2020-06-18,ETHUSDT,233.82,234.65,227.93,231.27,334347.79917,77542070.3332709,145815
1592524800000,2020-06-19,ETHUSDT,231.26,231.95,226.74,229.0,397284.59808,91117706.1551394,160682
1592611200000,2020-06-20,ETHUSDT,229.0,230.85,225.62,228.89,303704.98826,69343699.9095483,129778
1592697600000,2020-06-21,ETHUSDT,228.88,231.49,227.11,228.04,256305.23734,58868166.5061044,109238
1592784000000,2020-06-22,ETHUSDT,228.03,246.89,227.51,243.13,749030.11114,178707156.1893139,256688
1592870400000,2020-06-23,ETHUSDT,243.11,244.87,240.75,243.14,442296.31477,107457002.5246246,172649
1592956800000,2020-06-24,ETHUSDT,243.15,249.24,231.07,234.58,921634.0534,220763040.4337494,289888
1593043200000,2020-06-25,ETHUSDT,234.57,235.39,227.56,232.5,613748.59348,142697463.3801044,192323
1593129600000,2020-06-26,ETHUSDT,232.49,233.61,227.75,229.64,628340.07007,144805505.1915824,192182
1593216000000,2020-06-27,ETHUSDT,229.66,231.42,216.0,220.94,645950.61438,145264632.2638192,207051
1593302400000,2020-06-28,ETHUSDT,220.94,227.96,218.32,224.93,444766.56881,99423540.1393194,144728
1593388800000,2020-06-29,ETHUSDT,224.89,229.96,221.26,227.93,597915.52242,134510531.1976673,183558
1593475200000,2020-06-30,ETHUSDT,227.98,228.7,222.91,225.6,415036.02977,93802207.2735736,143612
1593561600000,2020-07-01,ETHUSDT,225.59,232.71,224.16,230.99,517351.58865,118322932.8549573,176455
1593648000000,2020-07-02,ETHUSDT,230.99,232.01,222.87,226.46,592485.91115,134976975.123197,210294
1593734400000,2020-07-03,ETHUSDT,226.46,228.13,223.97,224.87,314578.5004,71286978.5035675,139167
1593820800000,2020-07-04,ETHUSDT,224.86,230.71,224.43,229.17,307726.46593,69899468.2799188,134338
1593907200000,2020-07-05,ETHUSDT,229.24,229.85,223.05,227.56,355747.12006,80528660.6191943,152077
1593993600000,2020-07-06,ETHUSDT,227.54,242.0,226.93,241.6,864817.507,203334727.85013953,268187
1594080000000,2020-07-07,ETHUSDT,241.6,243.77,234.4,239.39,600424.97209,143122828.3751188,213589
1594166400000,2020-07-08,ETHUSDT,239.39,248.88,237.78,246.95,958185.83708,233460700.7551814,309582
1594252800000,2020-07-09,ETHUSDT,246.94,247.9,237.88,241.98,647641.58291,157541370.0048182,243580
1594339200000,2020-07-10,ETHUSDT,241.97,242.16,235.72,241.26,455025.12385,108806462.4650965,181124
1594425600000,2020-07-11,ETHUSDT,241.27,241.67,237.54,239.19,294476.00626,70548557.6778391,140265
1594512000000,2020-07-12,ETHUSDT,239.19,244.0,236.52,242.79,469315.1172,112487552.4340124,201729
1594598400000,2020-07-13,ETHUSDT,242.76,245.33,237.33,239.5,604093.04245,146193291.9106761,240032
1594684800000,2020-07-14,ETHUSDT,239.5,242.09,237.0,240.44,426320.89188,102105027.1319308,172704
1594771200000,2020-07-15,ETHUSDT,240.45,241.45,236.83,238.61,368350.66518,88059682.4834364,154984
1594857600000,2020-07-16,ETHUSDT,238.59,239.39,230.02,233.57,587161.73894,137208323.2015733,222138
1594944000000,2020-07-17,ETHUSDT,233.58,234.84,231.65,232.67,325600.21444,75931058.422653,149088
1595030400000,2020-07-18,ETHUSDT,232.66,236.8,232.32,235.67,341356.6182,80046747.8322333,136494
1595116800000,2020-07-19,ETHUSDT,235.67,239.92,233.28,239.11,348803.52073,82120072.993628,144896
1595203200000,2020-07-20,ETHUSDT,239.12,239.72,234.05,236.01,396657.91938,94314378.9381991,164435
1595289600000,2020-07-21,ETHUSDT,236.0,246.66,235.57,245.59,637462.08074,154502240.9411989,240019
1595376000000,2020-07-22,ETHUSDT,245.53,269.61,241.51,263.74,718417.68296,180692677.21395633,273546
1595462400000,2020-07-23,ETHUSDT,263.75,279.98,259.7,275.3,1068774.57879,287217202.7201216,378573
1595548800000,2020-07-24,ETHUSDT,275.31,287.34,266.0,279.15,926033.06692,256347245.548149,362608
1595635200000,2020-07-25,ETHUSDT,279.15,308.94,279.09,305.26,1058927.30554,308799629.3611433,424683
1595721600000,2020-07-26,ETHUSDT,305.31,318.75,299.0,311.0,1270368.753,392346895.3226708,486058
1595808000000,2020-07-27,ETHUSDT,311.02,333.31,310.78,321.93,1636122.34727,527292799.28791374,645395
1595894400000,2020-07-28,ETHUSDT,321.95,326.8,305.86,316.77,1093231.55578,346187853.275929,458451
1595980800000,2020-07-29,ETHUSDT,316.77,325.0,312.38,317.71,792802.32148,254201662.1334094,347597
1596067200000,2020-07-30,ETHUSDT,317.76,342.0,314.05,334.87,1008827.56698,328286452.5182911,410721
1596153600000,2020-07-31,ETHUSDT,334.82,349.45,328.4,346.33,948088.44982,323282981.0159196,461788
1596240000000,2020-08-01,ETHUSDT,346.32,392.67,343.07,387.0,1440843.34203,527543444.8628841,598900
1596326400000,2020-08-02,ETHUSDT,387.01,415.85,325.0,372.42,2324909.09616,878397036.2975191,960835
1596412800000,2020-08-03,ETHUSDT,372.45,398.0,366.5,385.94,1191565.09389,462170587.4785027,534803
1596499200000,2020-08-04,ETHUSDT,385.91,402.98,380.77,389.61,1180792.42379,461794422.2048685,503335
1596585600000,2020-08-05,ETHUSDT,389.59,407.0,384.11,400.72,1124119.0672,444335097.14939296,459722
1596672000000,2020-08-06,ETHUSDT,400.72,403.66,390.51,394.77,821379.08397,325718417.7160069,388529
1596758400000,2020-08-07,ETHUSDT,394.77,398.26,362.85,379.34,1041207.35946,398625567.063912,466548
1596844800000,2020-08-08,ETHUSDT,379.34,397.05,375.79,397.03,623029.78053,240999198.0242852,300577
1596931200000,2020-08-09,ETHUSDT,397.05,400.0,383.36,390.14,594900.58133,233057462.9273968,319111
1597017600000,2020-08-10,ETHUSDT,390.14,399.18,385.13,395.44,826969.90633,326372434.89705914,395123
1597104000000,2020-08-11,ETHUSDT,395.43,398.21,367.0,379.0,992412.6023,381981614.62167233,459623
1597190400000,2020-08-12,ETHUSDT,378.99,389.23,365.85,387.18,751848.7983,285872467.6440937,349082
1597276800000,2020-08-13,ETHUSDT,387.18,431.49,376.59,424.54,1511330.7732,604810975.1318569,634978
1597363200000,2020-08-14,ETHUSDT,424.54,444.71,417.05,438.11,1109670.94324,477180580.0618325,502635
1597449600000,2020-08-15,ETHUSDT,438.12,442.94,427.02,432.32,681698.5971,296652970.4823194,351377
1597536000000,2020-08-16,ETHUSDT,432.3,436.99,412.47,433.62,716666.25258,305445885.81667,371807
1597622400000,2020-08-17,ETHUSDT,433.61,446.0,420.37,430.89,868870.64996,375038999.5075165,443560
1597708800000,2020-08-18,ETHUSDT,430.89,433.81,415.0,421.95,743254.57018,316635286.99292165,374074
1597795200000,2020-08-19,ETHUSDT,421.92,426.75,393.25,407.46,978339.69221,400208683.34672713,455992
1597881600000,2020-08-20,ETHUSDT,407.46,418.98,402.07,415.94,663555.73445,273292342.1903448,322537
1597968000000,2020-08-21,ETHUSDT,415.94,418.68,385.1,387.97,860998.7256,347455883.4533063,414222
1598054400000,2020-08-22,ETHUSDT,387.93,397.04,379.92,395.24,643235.76543,250069873.3972314,305450
1598140800000,2020-08-23,ETHUSDT,395.23,396.95,383.15,390.71,445317.81989,173799978.0351114,222729
1598227200000,2020-08-24,ETHUSDT,390.72,410.42,387.44,407.68,717403.81877,287991794.2205841,307676
1598313600000,2020-08-25,ETHUSDT,407.68,409.06,370.0,382.93,970445.38395,375681480.18694305,411636
1598400000000,2020-08-26,ETHUSDT,382.91,392.91,377.37,385.81,738690.7794,284504413.0936192,351141
1598486400000,2020-08-27,ETHUSDT,385.81,397.1,371.48,383.27,877763.73658,336647752.2942245,392116
1598572800000,2020-08-28,ETHUSDT,383.31,398.0,379.75,395.11,732601.46905,286555001.9941838,311832
1598659200000,2020-08-29,ETHUSDT,395.1,405.69,391.88,398.65,659802.63344,263787683.02808368,300090
1598745600000,2020-08-30,ETHUSDT,398.65,429.89,398.3,428.94,894979.71788,370467271.0990347,395838
1598832000000,2020-08-31,ETHUSDT,428.94,439.0,418.04,433.79,1040748.68881,447866996.1851148,456201
1598918400000,2020-09-01,ETHUSDT,433.8,488.84,429.03,475.4,1751354.57719,813662129.650488,763508
1599004800000,2020-09-02,ETHUSDT,475.4,481.39,420.0,439.5,1880642.46853,844475154.7160804,825133
1599091200000,2020-09-03,ETHUSDT,439.5,450.7,372.0,381.4,2408569.34151,995567239.0084028,903066
1599177600000,2020-09-04,ETHUSDT,381.35,400.21,357.0,385.26,1806488.22474,696658932.1154275,744610
1599264000000,2020-09-05,ETHUSDT,385.3,395.0,308.42,335.01,2777166.51389,967730464.9055164,1074986
1599350400000,2020-09-06,ETHUSDT,335.04,360.0,316.1,352.8,2017811.14721,691925087.3968109,852597
1599436800000,2020-09-07,ETHUSDT,352.85,358.51,323.0,353.59,1740618.42462,596754172.7008404,708066
1599523200000,2020-09-08,ETHUSDT,353.59,356.58,325.38,337.39,1400246.82962,476444912.54463506,554846
1599609600000,2020-09-09,ETHUSDT,337.41,359.0,330.51,350.85,879760.56255,304910633.8008896,381038
1599696000000,2020-09-10,ETHUSDT,350.85,377.25,349.91,367.93,1134287.61137,416598205.666048,512819
1599782400000,2020-09-11,ETHUSDT,367.93,375.27,355.49,373.63,844017.59966,308822715.1336563,367615
1599868800000,2020-09-12,ETHUSDT,373.62,388.57,364.73,387.78,766542.31635,287133871.2472908,318774
1599955200000,2020-09-13,ETHUSDT,387.78,390.43,350.0,366.42,989195.69047,367969518.5134887,430236
1600041600000,2020-09-14,ETHUSDT,366.43,384.64,355.73,377.12,1042059.62265,387238794.6809715,476828
1600128000000,2020-09-15,ETHUSDT,377.12,382.47,362.34,364.06,883856.33005,328317009.5683461,405048
1600214400000,2020-09-16,ETHUSDT,364.05,373.45,355.0,365.11,841709.98939,306622238.0715521,371665
1600300800000,2020-09-17,ETHUSDT,365.04,394.14,363.3,389.36,1256300.411,479026710.89661473,505247
1600387200000,2020-09-18,ETHUSDT,389.35,392.58,375.33,384.39,804194.47219,308748579.8160324,323159
1600473600000,2020-09-19,ETHUSDT,384.4,388.72,377.0,385.25,570908.33553,218785730.14017847,230924
1600560000000,2020-09-20,ETHUSDT,385.25,385.45,365.0,371.04,693164.40144,259700927.47821033,275295
1600646400000,2020-09-21,ETHUSDT,371.04,376.8,331.0,340.36,1283946.03098,452134893.63405806,472560
1600732800000,2020-09-22,ETHUSDT,340.31,346.91,335.34,344.21,842731.12878,288166815.515037,286593
1600819200000,2020-09-23,ETHUSDT,344.18,344.65,313.29,320.72,940904.49756,313808761.0904388,323226
1600905600000,2020-09-24,ETHUSDT,320.72,353.1,316.67,348.97,1071705.09721,360708689.40437967,371450
1600992000000,2020-09-25,ETHUSDT,348.97,358.0,337.58,351.92,860643.77924,298266918.80064845,310536
1601078400000,2020-09-26,ETHUSDT,351.93,356.4,345.88,353.92,530879.20755,186812160.37543687,217834
1601164800000,2020-09-27,ETHUSDT,353.95,362.14,347.24,357.49,569568.55041,202411362.68323287,230526
1601251200000,2020-09-28,ETHUSDT,357.58,368.2,351.7,353.96,757758.4304,273063157.78999114,261317
1601337600000,2020-09-29,ETHUSDT,353.91,360.63,350.45,359.79,585143.16892,208028826.4871165,214988
1601424000000,2020-09-30,ETHUSDT,359.78,361.5,351.56,359.83,498943.23226,177784824.5178192,173910
1601510400000,2020-10-01,ETHUSDT,359.83,370.45,345.51,352.85,758349.31959,271468849.7985116,288354
1601596800000,2020-10-02,ETHUSDT,352.83,354.55,334.24,345.6,733571.84211,251829017.5194802,286023
1601683200000,2020-10-03,ETHUSDT,345.6,351.0,343.7,345.95,303595.71901,105401893.3573436,136755
1601769600000,2020-10-04,ETHUSDT,345.94,354.45,343.81,352.37,343932.91712,119961274.7006572,138736
1601856000000,2020-10-05,ETHUSDT,352.34,356.1,348.54,353.62,376740.30692,132656713.0440939,145787
1601942400000,2020-10-06,ETHUSDT,353.63,355.1,336.8,340.75,640063.26951,221765553.58680913,240812
1602028800000,2020-10-07,ETHUSDT,340.8,342.85,332.18,341.58,541928.86376,183873686.39043152,195112
1602115200000,2020-10-08,ETHUSDT,341.58,353.32,334.21,350.95,631794.8756,217322066.9780238,220053
1602201600000,2020-10-09,ETHUSDT,350.94,368.33,347.32,365.02,650478.19338,232878561.8852136,241168
1602288000000,2020-10-10,ETHUSDT,365.01,378.4,364.71,370.52,591005.32129,220607973.01227313,253825
1602374400000,2020-10-11,ETHUSDT,370.51,377.6,368.87,374.16,373318.23779,139329772.5403167,164475
1602460800000,2020-10-12,ETHUSDT,374.17,394.8,365.58,386.51,844422.65444,320587055.5297957,309500
1602547200000,2020-10-13,ETHUSDT,386.51,387.75,374.51,381.04,645141.91394,246276552.0090227,239460
1602633600000,2020-10-14,ETHUSDT,381.05,387.41,373.13,378.69,569557.82936,216288026.9592086,214375
1602720000000,2020-10-15,ETHUSDT,378.69,381.79,369.85,377.64,634038.09453,238396852.7839282,228454
1602806400000,2020-10-16,ETHUSDT,377.63,379.83,361.18,365.5,654029.36404,241127894.7024508,255775
1602892800000,2020-10-17,ETHUSDT,365.5,370.46,363.36,368.32,285578.24537,104838880.4561034,126045
1602979200000,2020-10-18,ETHUSDT,368.31,378.64,367.1,378.11,323468.47095,120818450.6211803,133043
1603065600000,2020-10-19,ETHUSDT,378.12,384.32,372.5,379.3,577252.90265,218372639.9570232,224887
1603152000000,2020-10-20,ETHUSDT,379.3,380.73,365.27,368.52,617309.81677,229928443.79691,251051
1603238400000,2020-10-21,ETHUSDT,368.53,401.49,367.74,390.38,1221663.63784,472488832.7162745,450963
1603324800000,2020-10-22,ETHUSDT,390.31,420.73,390.21,413.98,1095897.20667,447211002.5012588,412013
1603411200000,2020-10-23,ETHUSDT,413.94,419.33,401.3,409.11,727832.3224,299943190.9306372,293671
1603497600000,2020-10-24,ETHUSDT,409.19,416.66,407.0,412.14,419236.87106,172799824.648682,182680
1603584000000,2020-10-25,ETHUSDT,412.14,417.4,402.5,405.86,415586.9761,170054743.3187452,177854
1603670400000,2020-10-26,ETHUSDT,405.85,411.11,382.3,392.52,895142.67266,356208480.5857119,329493
1603756800000,2020-10-27,ETHUSDT,392.52,410.25,389.9,403.45,754244.37552,302522886.82653,286217
1603843200000,2020-10-28,ETHUSDT,403.41,409.2,380.52,388.23,855275.46882,335751199.3037473,348661
1603929600000,2020-10-29,ETHUSDT,388.22,393.72,380.52,387.13,573096.01416,222669504.875317,248649
1604016000000,2020-10-30,ETHUSDT,387.12,391.97,373.29,382.49,771750.74746,294342545.9808745,289735
1604102400000,2020-10-31,ETHUSDT,382.59,394.88,379.9,386.46,467453.8105,181136851.45374128,218528
1604188800000,2020-11-01,ETHUSDT,386.44,398.29,384.61,396.67,438952.95565,171238317.7003239,181369
1604275200000,2020-11-02,ETHUSDT,396.68,404.5,377.92,383.02,779968.57957,304223545.8920344,290370
1604361600000,2020-11-03,ETHUSDT,383.01,390.0,370.23,387.88,752954.37114,286291773.96848446,280412
1604448000000,2020-11-04,ETHUSDT,387.88,408.39,376.47,402.49,1157064.35076,454481208.4020098,392310
1604534400000,2020-11-05,ETHUSDT,402.5,420.4,396.14,416.69,1475139.77342,601591250.4012489,513574
1604620800000,2020-11-06,ETHUSDT,416.73,458.27,414.76,455.91,1682440.96026,736015135.6272103,666505
1604707200000,2020-11-07,ETHUSDT,455.91,468.28,424.14,435.21,1653416.5961,743871175.7821233,674858
1604793600000,2020-11-08,ETHUSDT,435.2,460.1,431.99,454.3,840908.46841,375679148.2350396,354341
1604880000000,2020-11-09,ETHUSDT,454.29,459.1,433.09,444.32,1099213.24641,491928164.9812434,469947
1604966400000,2020-11-10,ETHUSDT,444.32,455.0,438.7,450.34,866872.41108,388190148.2078951,384228
1605052800000,2020-11-11,ETHUSDT,450.34,476.25,449.28,463.09,1205782.84262,559228791.8903509,560360
1605139200000,2020-11-12,ETHUSDT,463.09,470.0,451.2,462.39,990776.62912,455971309.2168546,411840
1605225600000,2020-11-13,ETHUSDT,462.48,478.01,457.12,476.43,976665.09752,456232937.2061303,427363
1605312000000,2020-11-14,ETHUSDT,476.42,477.47,452.0,460.89,735252.7854,340142257.1936976,350772
1605398400000,2020-11-15,ETHUSDT,460.9,462.89,440.19,448.08,665217.56671,301406126.4593118,311451
1605484800000,2020-11-16,ETHUSDT,448.07,466.0,445.45,460.55,812060.44638,370889706.6992328,328762
1605571200000,2020-11-17,ETHUSDT,460.51,484.88,459.8,482.15,1151573.37456,544239665.3817517,464336
1605657600000,2020-11-18,ETHUSDT,482.11,495.31,456.6,478.41,1477696.29116,706704397.4108689,637641
1605744000000,2020-11-19,ETHUSDT,478.43,480.75,464.86,471.25,817418.52685,387199111.37944734,404737
1605830400000,2020-11-20,ETHUSDT,471.26,514.4,470.65,510.12,1516361.90736,756660192.8607566,607663
1605916800000,2020-11-21,ETHUSDT,510.12,553.32,502.82,552.35,1548851.29067,815402228.5228121,649077
1606003200000,2020-11-22,ETHUSDT,552.42,580.88,511.28,560.03,1850317.93581,1014064539.0881492,768900
1606089600000,2020-11-23,ETHUSDT,560.03,610.85,550.12,608.58,2076008.84846,1218150934.3114774,896026
1606176000000,2020-11-24,ETHUSDT,608.58,623.0,585.0,604.97,1606450.49193,976376501.3114748,838352
1606262400000,2020-11-25,ETHUSDT,604.98,606.0,553.83,569.5,1219440.02727,716972340.6745201,657386
1606348800000,2020-11-26,ETHUSDT,569.38,577.14,481.0,519.83,2683460.74171,1386030255.168072,1259051
1606435200000,2020-11-27,ETHUSDT,519.83,530.62,493.72,518.68,1088064.28114,558985308.9023646,578800
1606521600000,2020-11-28,ETHUSDT,518.59,547.94,506.59,537.52,900508.61431,475169074.69038874,456028
1606608000000,2020-11-29,ETHUSDT,537.5,576.9,530.32,576.3,855276.46664,471629262.24329853,454026
1606694400000,2020-11-30,ETHUSDT,576.32,616.85,570.07,616.66,1501989.45408,895373784.8300442,717837
1606780800000,2020-12-01,ETHUSDT,616.65,635.7,560.0,585.26,2163875.81376,1300668283.3196802,1018862
1606867200000,2020-12-02,ETHUSDT,585.26,604.93,575.0,596.89,1069538.65619,632858653.2050232,604591
1606953600000,2020-12-03,ETHUSDT,596.88,623.44,585.82,615.85,935687.91723,568024618.9410391,513555
1607040000000,2020-12-04,ETHUSDT,615.84,620.0,565.82,567.24,1052452.78666,624543865.9008652,556641
1607126400000,2020-12-05,ETHUSDT,567.24,597.11,560.88,596.8,701567.95564,410382624.7425348,389600
1607212800000,2020-12-06,ETHUSDT,596.82,607.5,583.0,601.54,602496.96339,359236400.2949933,363661
1607299200000,2020-12-07,ETHUSDT,601.59,603.15,584.22,591.28,498329.37589,295598087.027998,347036
1607385600000,2020-12-08,ETHUSDT,591.27,595.0,549.22,554.94,804443.00717,461781203.1617209,422868
1607472000000,2020-12-09,ETHUSDT,554.92,578.08,530.43,573.09,997192.16738,555142155.8826528,535975
1607558400000,2020-12-10,ETHUSDT,573.2,575.7,548.11,558.99,608414.51466,341352126.267061,376548
1607644800000,2020-12-11,ETHUSDT,558.99,560.8,535.5,544.43,768921.78317,419607430.44734573,400545
1607731200000,2020-12-12,ETHUSDT,544.46,574.0,543.1,568.04,573913.95311,320867352.4615561,321104
1607817600000,2020-12-13,ETHUSDT,568.09,595.0,563.22,590.7,657794.46158,383072560.34673,359525
1607904000000,2020-12-14,ETHUSDT,590.81,591.48,575.6,586.29,493012.02706,288110223.95248795,272746
1607990400000,2020-12-15,ETHUSDT,586.29,597.2,578.58,588.64,569270.52011,334543178.3693921,329161
1608076800000,2020-12-16,ETHUSDT,588.78,640.0,580.71,637.18,1185588.05078,725009244.4077353,589563
1608163200000,2020-12-17,ETHUSDT,637.18,676.25,625.76,642.7,2006130.01975,1307445033.1218247,974504
1608249600000,2020-12-18,ETHUSDT,642.71,664.61,629.4,653.85,1000012.98018,646217791.229686,554335
1608336000000,2020-12-19,ETHUSDT,653.76,669.95,645.42,658.03,858803.88459,564029933.2588524,562281
1608422400000,2020-12-20,ETHUSDT,658.05,661.39,621.01,638.18,823958.22843,533109285.6519477,505181
1608508800000,2020-12-21,ETHUSDT,638.1,648.0,595.9,607.58,843251.16565,524208673.9086238,521589
1608595200000,2020-12-22,ETHUSDT,607.68,637.73,588.0,636.45,918851.25654,563872004.6334916,522945
1608681600000,2020-12-23,ETHUSDT,636.41,638.44,551.28,585.56,1208807.36518,733443630.3656118,733896
1608768000000,2020-12-24,ETHUSDT,585.48,615.02,565.43,612.31,886335.86333,519843556.9816631,571510
1608854400000,2020-12-25,ETHUSDT,612.31,634.24,604.28,626.82,798009.62915,494089140.85723275,468979
1608940800000,2020-12-26,ETHUSDT,626.78,652.91,615.26,637.44,958585.50647,607664782.0108948,541191
1609027200000,2020-12-27,ETHUSDT,637.44,717.13,625.0,685.11,1859968.15029,1247547956.8239436,1047001
1609113600000,2020-12-28,ETHUSDT,685.1,748.09,681.04,730.41,1627154.39266,1180438285.4884064,961277
1609200000000,2020-12-29,ETHUSDT,730.4,740.78,689.2,732.0,1106876.35855,794643540.4901239,820504
1609286400000,2020-12-30,ETHUSDT,732.0,758.74,716.62,752.17,1008574.09906,743546676.7544626,692405
1609372800000,2020-12-31,ETHUSDT,752.17,755.74,722.0,736.42,863375.57981,638503822.3940647,623216
1609459200000,2021-01-01,ETHUSDT,736.42,749.0,714.29,728.91,675114.09329,496072043.77740735,483671
1609545600000,2021-01-02,ETHUSDT,728.91,787.69,714.91,774.56,1352618.57668,1024472182.612087,824134
1609632000000,2021-01-03,ETHUSDT,774.44,1011.07,768.71,978.28,2813603.88615,2522411859.73161,1636501
1609718400000,2021-01-04,ETHUSDT,978.33,1162.97,890.0,1041.43,4245010.94004,4303634203.2196,2477862
1609804800000,2021-01-05,ETHUSDT,1041.45,1134.6,974.45,1099.56,2706995.67525,2857050280.0081425,1960503
1609891200000,2021-01-06,ETHUSDT,1100.16,1213.0,1057.26,1208.42,2390136.59334,2725262121.2885127,1600888
1609977600000,2021-01-07,ETHUSDT,1208.75,1289.0,1131.0,1224.87,1972922.82059,2406219891.3685346,1402699
1610064000000,2021-01-08,ETHUSDT,1224.86,1273.75,1065.0,1216.93,2131172.92341,2543427452.5801253,1718817
1610150400000,2021-01-09,ETHUSDT,1216.72,1304.37,1171.36,1276.0,1448871.11514,1780137376.4164698,1131871
1610236800000,2021-01-10,ETHUSDT,1276.0,1348.33,1170.0,1254.25,1951179.35003,2517791852.407762,1437486
1610323200000,2021-01-11,ETHUSDT,1254.24,1260.0,915.0,1087.01,4068784.65678,4290593989.580177,2557613
1610409600000,2021-01-12,ETHUSDT,1087.0,1150.02,1006.33,1050.16,2302645.34052,2491067092.5101275,1516625
1610496000000,2021-01-13,ETHUSDT,1050.36,1137.65,987.48,1129.89,1564202.39081,1664178969.0738044,1123983
1610582400000,2021-01-14,ETHUSDT,1129.79,1247.55,1086.7,1231.62,1555737.38556,1825860914.1737957,1255769
1610668800000,2021-01-15,ETHUSDT,1231.89,1256.98,1069.42,1168.53,1944038.83738,2302781118.95874,1519266
1610755200000,2021-01-16,ETHUSDT,1168.48,1298.0,1151.77,1227.83,1575384.43797,1927453174.6117928,1252473
1610841600000,2021-01-17,ETHUSDT,1227.83,1269.02,1165.0,1232.45,1317285.00579,1606424364.497042,1121278
1610928000000,2021-01-18,ETHUSDT,1232.5,1260.75,1182.58,1258.45,998050.11073,1223628040.7372608,940604
1611014400000,2021-01-19,ETHUSDT,1258.52,1438.3,1251.49,1365.36,2278852.55758,3120980923.9303093,1840481
1611100800000,2021-01-20,ETHUSDT,1365.36,1407.93,1235.42,1376.99,2219137.62144,2931656296.4670005,1852253
1611187200000,2021-01-21,ETHUSDT,1376.72,1390.0,1086.0,1110.96,2254164.80365,2787012514.78097,1823458
1611273600000,2021-01-22,ETHUSDT,1111.98,1273.79,1042.31,1232.62,2020593.21673,2360267831.3175545,1652010
1611360000000,2021-01-23,ETHUSDT,1232.61,1272.44,1195.9,1233.6,1009545.08258,1250575691.7627306,932871
1611446400000,2021-01-24,ETHUSDT,1233.46,1398.83,1220.0,1392.51,1510879.53817,1996765627.540519,1313986
1611532800000,2021-01-25,ETHUSDT,1392.19,1475.0,1293.69,1317.88,1885441.31289,2644267236.8971877,1661512
1611619200000,2021-01-26,ETHUSDT,1317.6,1378.49,1244.56,1365.97,1682923.65799,2216751668.392713,1423178
1611705600000,2021-01-27,ETHUSDT,1366.54,1373.9,1207.0,1239.03,2009772.08358,2554649901.074845,1737296
1611792000000,2021-01-28,ETHUSDT,1238.93,1360.0,1217.23,1329.69,1365269.71962,1790490878.1937945,1275024
1611878400000,2021-01-29,ETHUSDT,1329.44,1436.9,1285.35,1379.5,2253963.18682,3077996801.2317657,1714076
1611964800000,2021-01-30,ETHUSDT,1379.56,1406.0,1326.41,1378.05,1040042.2363,1414231402.543883,1013174
1612051200000,2021-01-31,ETHUSDT,1378.04,1380.74,1281.12,1312.55,958704.85571,1276842259.9713488,828176
1612137600000,2021-02-01,ETHUSDT,1312.45,1377.99,1269.99,1374.17,1096397.91862,1449463766.7237952,915584
1612224000000,2021-02-02,ETHUSDT,1374.09,1547.9,1360.28,1511.87,1944227.99878,2821617332.399785,1614541
1612310400000,2021-02-03,ETHUSDT,1511.93,1669.35,1508.39,1664.49,1535869.88801,2418887041.587561,1384979
1612396800000,2021-02-04,ETHUSDT,1664.67,1695.2,1554.44,1595.67,1646502.32962,2693099602.275608,1507993
1612483200000,2021-02-05,ETHUSDT,1595.53,1760.49,1591.0,1719.19,1194123.29946,2011685911.1668868,1326415
1612569600000,2021-02-06,ETHUSDT,1718.95,1743.67,1642.94,1676.35,1149808.33101,1940057857.9438984,1152167
1612656000000,2021-02-07,ETHUSDT,1676.35,1693.0,1490.46,1611.62,1281734.86814,2044371589.0232768,1263737
1612742400000,2021-02-08,ETHUSDT,1611.46,1775.57,1563.89,1750.15,1339777.09536,2255426926.0199776,1372788
1612828800000,2021-02-09,ETHUSDT,1749.68,1821.88,1708.49,1769.13,1185071.89593,2080818891.698905,1173421
1612915200000,2021-02-10,ETHUSDT,1769.14,1837.86,1680.0,1740.78,1219932.25474,2149076144.4076576,1279140
1613001600000,2021-02-11,ETHUSDT,1740.76,1819.0,1703.44,1785.62,735079.82699,1301681871.563269,935602
1613088000000,2021-02-12,ETHUSDT,1785.83,1864.88,1739.88,1840.26,909600.20653,1635426867.774093,996495
1613174400000,2021-02-13,ETHUSDT,1840.24,1871.72,1765.0,1814.96,767589.07285,1395594093.2839975,853189
1613260800000,2021-02-14,ETHUSDT,1815.25,1850.0,1784.11,1800.42,675261.77873,1230043295.034284,714827
1613347200000,2021-02-15,ETHUSDT,1800.03,1835.72,1655.67,1779.25,1053474.57879,1860338371.897408,1086589
1613433600000,2021-02-16,ETHUSDT,1779.33,1827.28,1724.0,1781.99,817493.47513,1455884891.92438,826125
1613520000000,2021-02-17,ETHUSDT,1781.99,1855.0,1733.01,1849.88,795711.63311,1437546812.9718318,862461
1613606400000,2021-02-18,ETHUSDT,1849.7,1950.5,1849.69,1939.61,937227.10191,1787383532.102376,1053661
1613692800000,2021-02-19,ETHUSDT,1938.91,1972.82,1891.0,1955.0,793404.4115,1533991632.129546,988320
1613779200000,2021-02-20,ETHUSDT,1955.46,2042.34,1803.14,1913.0,1261315.81279,2493836246.4871454,1329067
1613865600000,2021-02-21,ETHUSDT,1912.9,1976.31,1883.01,1933.53,756568.19743,1467970937.2850723,895138
1613952000000,2021-02-22,ETHUSDT,1933.54,1936.29,1551.0,1777.58,1807244.98099,3200483176.9795847,1799926
1614038400000,2021-02-23,ETHUSDT,1777.42,1782.39,1355.0,1577.89,2547837.82068,3931407907.534277,2396626
1614124800000,2021-02-24,ETHUSDT,1577.79,1712.7,1500.2,1623.39,1384388.81727,2261264845.4650745,1319936
1614211200000,2021-02-25,ETHUSDT,1623.16,1671.59,1459.16,1481.75,1032670.79409,1650582276.871864,1110019
1614297600000,2021-02-26,ETHUSDT,1482.08,1562.25,1400.0,1444.59,1355973.29378,2004016547.111193,1298739
1614384000000,2021-02-27,ETHUSDT,1444.56,1529.0,1425.0,1458.13,927423.0475,1375946816.3325431,954919
1614470400000,2021-02-28,ETHUSDT,1458.27,1468.75,1293.18,1419.18,1410207.56284,1929140046.6462588,1190546
1614556800000,2021-03-01,ETHUSDT,1418.67,1572.0,1409.91,1569.86,1094695.17839,1642627276.3105588,989006
1614643200000,2021-03-02,ETHUSDT,1570.0,1602.9,1455.52,1486.78,1061142.38743,1627312282.623529,966176
1614729600000,2021-03-03,ETHUSDT,1486.79,1656.94,1475.47,1567.69,1054846.31471,1676300215.0458324,1237215
1614816000000,2021-03-04,ETHUSDT,1567.68,1624.87,1506.36,1539.23,946365.67088,1476463517.9864872,1125118
1614902400000,2021-03-05,ETHUSDT,1539.22,1548.96,1441.66,1528.31,910786.28976,1355798089.272699,1000913
1614988800000,2021-03-06,ETHUSDT,1528.08,1671.58,1513.03,1650.35,1013300.93928,1611851701.8240166,1188531
1615075200000,2021-03-07,ETHUSDT,1650.68,1734.16,1630.35,1726.16,848470.78136,1414988218.19354,1166072
1615161600000,2021-03-08,ETHUSDT,1726.46,1843.59,1664.96,1833.18,1149711.39987,1995142128.6481345,1407402
1615248000000,2021-03-09,ETHUSDT,1833.22,1870.77,1798.2,1870.51,857229.47855,1570286249.4509006,1196670
1615334400000,2021-03-10,ETHUSDT,1870.5,1877.69,1757.0,1795.12,937230.62831,1706230875.2676637,1098051
1615420800000,2021-03-11,ETHUSDT,1795.28,1846.7,1725.0,1825.78,909011.4961,1627027458.0887964,1023958
1615507200000,2021-03-12,ETHUSDT,1825.78,1841.88,1719.72,1766.1,869564.6361,1542873062.4201016,1126153
1615593600000,2021-03-13,ETHUSDT,1766.13,1944.3,1727.75,1922.35,926283.22642,1718553131.9614732,1265904
1615680000000,2021-03-14,ETHUSDT,1922.35,1933.1,1836.0,1848.1,637963.63627,1200354205.603357,963564
1615766400000,2021-03-15,ETHUSDT,1848.1,1891.76,1730.0,1793.48,1025326.79658,1842608872.76306,1496415
1615852800000,2021-03-16,ETHUSDT,1793.99,1819.5,1711.68,1805.12,764993.40147,1360127229.789916,987906
1615939200000,2021-03-17,ETHUSDT,1805.01,1838.88,1741.18,1823.58,658349.44843,1177718486.9646137,872416
1616025600000,2021-03-18,ETHUSDT,1823.58,1850.0,1759.04,1776.08,603721.61056,1092346826.5536904,783517
1616112000000,2021-03-19,ETHUSDT,1775.92,1840.61,1733.47,1809.1,500258.42875,901801564.202326,703977
1616198400000,2021-03-20,ETHUSDT,1809.01,1868.83,1800.86,1806.1,451556.10639,828404987.6527742,743672
1616284800000,2021-03-21,ETHUSDT,1806.57,1817.16,1747.0,1782.98,465953.98749,830951276.5130767,748800
1616371200000,2021-03-22,ETHUSDT,1783.23,1807.51,1655.15,1680.97,582727.49081,1019780398.7821896,879976
1616457600000,2021-03-23,ETHUSDT,1681.17,1721.17,1650.0,1668.08,577213.99589,975522491.0640426,654415
1616544000000,2021-03-24,ETHUSDT,1668.2,1740.86,1536.92,1581.84,753834.52393,1251031751.1563811,994542
1616630400000,2021-03-25,ETHUSDT,1581.88,1622.0,1549.4,1585.74,701697.00258,1115502879.6291516,778215
1616716800000,2021-03-26,ETHUSDT,1585.83,1699.93,1585.79,1698.84,515470.92907,844707873.9147713,650812
1616803200000,2021-03-27,ETHUSDT,1698.84,1732.67,1666.41,1712.63,443845.49957,753555521.6446562,516929
1616889600000,2021-03-28,ETHUSDT,1712.52,1725.66,1661.4,1687.01,348895.51314,592836644.5993392,512231
1616976000000,2021-03-29,ETHUSDT,1687.16,1841.0,1677.85,1816.74,647724.46387,1148231088.811587,846836
1617062400000,2021-03-30,ETHUSDT,1816.76,1859.13,1786.3,1840.46,568842.00526,1039262033.3867556,856093
1617148800000,2021-03-31,ETHUSDT,1840.41,1947.29,1768.15,1919.37,746995.8591,1387448329.8618674,1040362
1617235200000,2021-04-01,ETHUSDT,1919.37,1984.77,1885.02,1968.05,741585.07266,1438751530.7872295,994836
1617321600000,2021-04-02,ETHUSDT,1968.05,2146.0,1948.48,2133.69,846197.93215,1719752062.5167284,1218698
1617408000000,2021-04-03,ETHUSDT,2133.69,2138.12,1996.3,2008.52,770176.32192,1601516390.5971153,1107620
1617494400000,2021-04-04,ETHUSDT,2008.59,2091.83,1975.24,2075.69,514345.76554,1050448906.4424022,818926
1617580800000,2021-04-05,ETHUSDT,2075.7,2130.64,2002.15,2107.38,684923.61494,1419084945.8137891,947978
1617667200000,2021-04-06,ETHUSDT,2107.43,2151.0,2044.65,2112.21,673386.05575,1420490813.0390558,1106761
1617753600000,2021-04-07,ETHUSDT,2112.22,2129.01,1930.01,1963.47,892984.90422,1798606574.0535572,1229155
1617840000000,2021-04-08,ETHUSDT,1963.46,2084.61,1947.35,2080.46,501355.998,1015796231.0118822,911403
1617926400000,2021-04-09,ETHUSDT,2080.39,2100.0,2047.57,2066.87,426387.4379,885134116.0229065,645172
1618012800000,2021-04-10,ETHUSDT,2067.19,2200.0,2058.0,2133.49,655458.20894,1405364881.858313,1175161
1618099200000,2021-04-11,ETHUSDT,2133.49,2165.02,2113.4,2151.36,392265.50773,839653140.9405916,830771
1618185600000,2021-04-12,ETHUSDT,2151.42,2203.46,2102.0,2137.69,579093.35694,1244982956.770031,914567
1618272000000,2021-04-13,ETHUSDT,2137.86,2318.0,2135.53,2299.19,782608.6209,1745821661.496614,1288668
1618358400000,2021-04-14,ETHUSDT,2299.19,2447.29,2281.33,2432.6,972931.60866,2294753430.6274076,1554097
1618444800000,2021-04-15,ETHUSDT,2432.59,2543.47,2400.0,2514.04,681950.96645,1680063463.6011207,1462768
1618531200000,2021-04-16,ETHUSDT,2514.04,2548.29,2300.0,2422.67,999163.75205,2418566593.0473742,1679215
1618617600000,2021-04-17,ETHUSDT,2422.38,2495.0,2310.0,2317.6,624232.25568,1504895144.9122343,1242299
1618704000000,2021-04-18,ETHUSDT,2317.65,2340.0,1946.8,2235.64,1475383.69204,3190809322.510461,2113566
1618790400000,2021-04-19,ETHUSDT,2235.65,2300.0,2080.0,2161.12,820592.26555,1800575928.1074944,1411498
1618876800000,2021-04-20,ETHUSDT,2161.12,2346.62,2055.0,2330.03,992240.809,2181209665.225936,1478664
1618963200000,2021-04-21,ETHUSDT,2330.26,2469.54,2235.16,2357.06,1177885.8617,2771995884.0361485,1905822
1619049600000,2021-04-22,ETHUSDT,2357.06,2644.47,2303.44,2397.94,2220753.09746,5508778905.781418,3110597
1619136000000,2021-04-23,ETHUSDT,2397.94,2442.89,2107.0,2367.39,2532242.44185,5719925451.745559,2790382
1619222400000,2021-04-24,ETHUSDT,2367.39,2368.74,2154.8,2213.35,997688.94623,2246912953.271781,1275474
1619308800000,2021-04-25,ETHUSDT,2214.08,2356.64,2168.0,2320.49,857517.38218,1948978895.4651551,1307545
1619395200000,2021-04-26,ETHUSDT,2320.44,2542.8,2303.64,2532.6,1076469.01367,2652330344.662024,1852607
1619481600000,2021-04-27,ETHUSDT,2532.06,2680.0,2480.29,2666.13,771728.46451,1995139023.6148367,1255607
1619568000000,2021-04-28,ETHUSDT,2666.13,2760.0,2559.44,2748.24,999383.1852,2673547154.2008715,1587100
1619654400000,2021-04-29,ETHUSDT,2748.23,2798.0,2668.0,2757.04,863890.01069,2366133509.254801,1379738
1619740800000,2021-04-30,ETHUSDT,2757.04,2798.3,2723.09,2772.42,695339.20482,1917297701.0995224,1382521
1619827200000,2021-05-01,ETHUSDT,2772.42,2954.28,2743.41,2944.77,690260.07741,1979833188.0652049,1437394
1619913600000,2021-05-02,ETHUSDT,2944.83,2985.0,2852.26,2949.56,571982.5445,1672310882.244701,1132280
1620000000000,2021-05-03,ETHUSDT,2949.33,3454.0,2949.32,3431.04,1329088.0628,4243786480.415152,2502746
1620086400000,2021-05-04,ETHUSDT,3431.04,3527.0,3160.0,3239.01,1826039.38558,6103102520.709462,3634236
1620172800000,2021-05-05,ETHUSDT,3239.01,3549.34,3200.23,3524.26,1174816.73588,3955994776.901158,2224441
1620259200000,2021-05-06,ETHUSDT,3524.33,3605.4,3376.47,3489.73,920592.57706,3213427394.777265,1703109
1620345600000,2021-05-07,ETHUSDT,3489.74,3587.0,3353.23,3479.53,760544.64781,2641740668.4696465,1382532
1620432000000,2021-05-08,ETHUSDT,3479.79,3958.33,3449.27,3910.26,1130467.54852,4170897763.922394,2146967
1620518400000,2021-05-09,ETHUSDT,3910.26,3983.65,3726.08,3923.95,1000401.0082,3885039042.663707,2289303
1620604800000,2021-05-10,ETHUSDT,3923.95,4208.0,3650.0,3945.88,1505897.92612,6079977785.4113865,3033133
1620691200000,2021-05-11,ETHUSDT,3946.63,4180.22,3771.64,4173.45,1095927.10403,4350260231.588787,2290977
1620777600000,2021-05-12,ETHUSDT,4173.46,4372.72,3701.58,3823.21,1601842.74017,6673102683.974241,3188941
1620864000000,2021-05-13,ETHUSDT,3810.15,4034.77,3500.0,3717.91,2068708.17427,7846531159.419686,3943562
1620950400000,2021-05-14,ETHUSDT,3717.92,4173.28,3691.35,4075.01,1153390.42631,4569415542.247888,2227244
1621036800000,2021-05-15,ETHUSDT,4075.02,4134.05,3632.0,3646.68,1039174.88082,4030586492.9649377,2055345
1621123200000,2021-05-16,ETHUSDT,3646.24,3879.0,3343.06,3582.1,1324065.65875,4788918304.497996,2532983
1621209600000,2021-05-17,ETHUSDT,3581.81,3587.06,3102.0,3282.51,1904012.43998,6401071580.734825,2885352
1621296000000,2021-05-18,ETHUSDT,3282.25,3565.71,3240.0,3375.07,1287110.84143,4392873871.822427,2143887
1621382400000,2021-05-19,ETHUSDT,3375.08,3441.73,1888.0,2438.92,4309836.31939,11641524166.98746,5548968
1621468800000,2021-05-20,ETHUSDT,2438.92,2990.05,2155.0,2768.62,2942777.9301,7750201898.667442,4243052
1621555200000,2021-05-21,ETHUSDT,2767.87,2938.54,2101.0,2430.98,2727031.93514,6898701128.841129,3676164
1621641600000,2021-05-22,ETHUSDT,2430.98,2485.0,2145.0,2294.87,1684318.01157,3934313840.470727,2484734
1621728000000,2021-05-23,ETHUSDT,2295.45,2381.57,1728.74,2096.39,2914548.73125,5907260139.54496,3761018
1621814400000,2021-05-24,ETHUSDT,2096.63,2675.0,2079.94,2648.43,2186632.92245,5180244966.721231,3299296
1621900800000,2021-05-25,ETHUSDT,2647.92,2750.0,2378.54,2705.11,2115349.50445,5442737549.40126,2976859
1621987200000,2021-05-26,ETHUSDT,2705.1,2910.0,2643.0,2884.94,1583799.59251,4416389128.58148,2726537
1622073600000,2021-05-27,ETHUSDT,2884.82,2889.74,2633.68,2742.23,1099029.91206,3033719144.3402123,1732113
1622160000000,2021-05-28,ETHUSDT,2742.23,2762.45,2327.38,2412.1,1554584.61362,3934662309.044423,2184249
1622246400000,2021-05-29,ETHUSDT,2412.34,2574.27,2204.1,2278.74,1379427.18851,3288804154.8318715,1887733
1622332800000,2021-05-30,ETHUSDT,2278.74,2476.42,2180.53,2385.98,1151113.19883,2726606138.6317167,1519005
1622419200000,2021-05-31,ETHUSDT,2385.82,2720.0,2271.44,2706.15,1307958.04068,3277131772.1340704,1849177
1622505600000,2021-06-01,ETHUSDT,2706.15,2740.0,2523.74,2634.57,1179577.10806,3081355010.953452,1790186
1622592000000,2021-06-02,ETHUSDT,2634.31,2802.99,2550.0,2706.22,970070.53563,2616566301.6287875,1349232
1622678400000,2021-06-03,ETHUSDT,2706.21,2891.95,2662.4,2857.25,1024290.89423,2874856613.490244,1620340
1622764800000,2021-06-04,ETHUSDT,2857.25,2860.0,2552.0,2689.51,1188314.11191,3175186750.490876,1775946
1622851200000,2021-06-05,ETHUSDT,2689.54,2816.87,2552.23,2627.73,961824.12413,2575726370.430859,1670498
1622937600000,2021-06-06,ETHUSDT,2627.63,2745.0,2614.0,2711.92,673792.69369,1814112037.5335104,1336460
1623024000000,2021-06-07,ETHUSDT,2711.92,2847.55,2570.0,2592.05,1152128.07856,3149245176.9112635,1926275
1623110400000,2021-06-08,ETHUSDT,2592.05,2620.99,2304.91,2507.23,1693747.42759,4201646662.8817344,2128256
1623196800000,2021-06-09,ETHUSDT,2507.43,2626.63,2405.28,2610.18,1276718.24011,3223323188.070379,1763686
1623283200000,2021-06-10,ETHUSDT,2610.2,2624.46,2425.11,2471.09,741237.49926,1874571746.4354448,978237
1623369600000,2021-06-11,ETHUSDT,2471.01,2497.99,2321.37,2354.01,587364.27358,1424975261.807721,885172
1623456000000,2021-06-12,ETHUSDT,2354.09,2454.53,2256.22,2370.74,767439.4984,1807036943.9986243,1127302
1623542400000,2021-06-13,ETHUSDT,2370.64,2548.41,2308.41,2509.33,715948.75986,1724097564.334307,1217504
1623628800000,2021-06-14,ETHUSDT,2509.33,2609.17,2461.0,2580.77,684183.55622,1730260219.1338103,1118498
1623715200000,2021-06-15,ETHUSDT,2580.58,2640.0,2507.7,2543.54,599826.64933,1548303436.0627651,1044834
1623801600000,2021-06-16,ETHUSDT,2543.55,2556.19,2351.18,2367.89,624741.78358,1533734359.4130068,896073
1623888000000,2021-06-17,ETHUSDT,2368.02,2460.5,2306.0,2373.28,560667.58566,1338389545.0014825,961448
1623974400000,2021-06-18,ETHUSDT,2373.28,2378.0,2139.0,2234.09,778905.20197,1758827532.8833416,1067542
1624060800000,2021-06-19,ETHUSDT,2234.09,2278.82,2161.67,2164.67,496872.24997,1104923869.4185991,763820
1624147200000,2021-06-20,ETHUSDT,2165.34,2280.01,2040.68,2243.47,743883.64741,1599009750.5269032,1035537
1624233600000,2021-06-21,ETHUSDT,2243.49,2260.16,1865.54,1885.49,1629819.66576,3252129521.677504,2014010
1624320000000,2021-06-22,ETHUSDT,1885.27,1998.0,1700.48,1879.28,1695338.08052,3158928001.131145,1856357
1624406400000,2021-06-23,ETHUSDT,1879.29,2045.0,1821.95,1968.14,918612.30494,1817518228.910071,1141790
1624492800000,2021-06-24,ETHUSDT,1967.95,2036.61,1884.79,1989.52,701231.67478,1377799766.499455,833337
1624579200000,2021-06-25,ETHUSDT,1989.53,2019.99,1791.22,1808.82,858808.54767,1612556879.1072812,1041338
1624665600000,2021-06-26,ETHUSDT,1808.97,1852.8,1717.32,1829.64,832315.14904,1478550576.564645,923226
1624752000000,2021-06-27,ETHUSDT,1829.84,1984.5,1804.26,1982.28,696055.79307,1299521992.0717993,1091206
1624838400000,2021-06-28,ETHUSDT,1982.27,2145.0,1960.52,2084.41,1044244.68308,2138998047.877628,1657087
1624924800000,2021-06-29,ETHUSDT,2084.42,2245.0,2073.57,2165.33,831257.23277,1804733069.982989,1536044
1625011200000,2021-06-30,ETHUSDT,2165.46,2287.78,2087.99,2275.68,910583.6032,1973676680.8731267,1464112
1625097600000,2021-07-01,ETHUSDT,2275.68,2275.93,2073.12,2106.41,787865.25137,1688043308.127257,1414518
1625184000000,2021-07-02,ETHUSDT,2106.41,2160.0,2018.5,2154.13,672282.37476,1397269246.2664564,862561
1625270400000,2021-07-03,ETHUSDT,2153.95,2240.0,2112.01,2226.99,569264.801,1248888441.2531536,922576
1625356800000,2021-07-04,ETHUSDT,2226.99,2389.93,2189.58,2322.69,590656.25069,1365904900.349907,1204553
1625443200000,2021-07-05,ETHUSDT,2322.69,2324.64,2157.32,2196.53,781806.31605,1753862827.3791046,1264204
1625529600000,2021-07-06,ETHUSDT,2196.85,2350.0,2193.0,2322.5,785330.17152,1803108194.4684093,1326163
1625616000000,2021-07-07,ETHUSDT,2322.51,2409.0,2291.9,2316.57,666501.35572,1570553094.637571,1113578
1625702400000,2021-07-08,ETHUSDT,2316.25,2325.6,2084.79,2116.33,880265.04124,1926184139.309848,1234614
1625788800000,2021-07-09,ETHUSDT,2116.32,2189.4,2046.51,2146.99,738611.36304,1568646237.310995,867603
1625875200000,2021-07-10,ETHUSDT,2146.99,2194.82,2074.16,2110.69,499071.85904,1058023794.511424,646476
1625961600000,2021-07-11,ETHUSDT,2110.68,2174.0,2081.02,2140.45,342294.40302,727911535.268998,479138
1626048000000,2021-07-12,ETHUSDT,2140.54,2167.83,2006.68,2031.58,540630.10742,1126108847.3713694,725803
1626134400000,2021-07-13,ETHUSDT,2031.57,2047.35,1918.0,1940.15,647388.24969,1287490852.461495,902810
1626220800000,2021-07-14,ETHUSDT,1940.44,2019.18,1865.0,1994.58,690505.60937,1342931974.3496463,936438
1626307200000,2021-07-15,ETHUSDT,1994.41,2042.88,1881.0,1919.51,645271.32563,1251834409.941772,865033
1626393600000,2021-07-16,ETHUSDT,1919.54,1965.0,1850.0,1876.26,577068.89724,1097832472.3221335,721120
1626480000000,2021-07-17,ETHUSDT,1876.47,1919.19,1844.45,1899.59,430300.51578,810628641.2579023,576008
1626566400000,2021-07-18,ETHUSDT,1899.5,1993.79,1877.1,1891.64,534837.63654,1038104997.5220176,768528
1626652800000,2021-07-19,ETHUSDT,1891.65,1919.0,1805.0,1818.73,547419.93771,1011627398.9238826,641063
1626739200000,2021-07-20,ETHUSDT,1818.73,1841.34,1706.0,1786.03,786257.272,1386498470.3401668,943640
1626825600000,2021-07-21,ETHUSDT,1786.03,2035.23,1747.55,1995.5,1115949.82033,2138345813.7854447,1304423
1626912000000,2021-07-22,ETHUSDT,1995.5,2046.0,1947.62,2024.56,768854.3659,1536669128.5204518,1074800
1626998400000,2021-07-23,ETHUSDT,2024.27,2130.9,1993.22,2124.25,708160.91322,1455496732.051654,1035643
1627084800000,2021-07-24,ETHUSDT,2124.26,2199.5,2105.58,2184.75,633075.18592,1360667031.9830072,1056670
1627171200000,2021-07-25,ETHUSDT,2184.9,2197.41,2105.93,2189.79,535630.27,1154562327.6539447,941623
1627257600000,2021-07-26,ETHUSDT,2189.82,2433.65,2171.57,2228.08,1393738.163,3222622416.2567244,2252910
1627344000000,2021-07-27,ETHUSDT,2227.81,2319.26,2150.5,2299.49,906359.23478,2025582065.4137945,1502763
1627430400000,2021-07-28,ETHUSDT,2299.47,2345.0,2243.15,2300.9,718202.57727,1649860557.2934496,1287050
1627516800000,2021-07-29,ETHUSDT,2300.9,2400.0,2266.12,2382.92,499364.83496,1157988358.946293,1036449
1627603200000,2021-07-30,ETHUSDT,2382.93,2471.7,2315.92,2461.81,762577.28797,1824191451.558631,1428312
1627689600000,2021-07-31,ETHUSDT,2461.77,2553.86,2420.68,2531.05,507601.05026,1253810139.138371,1007386
1627776000000,2021-08-01,ETHUSDT,2531.1,2697.61,2511.24,2555.69,853495.94078,2217485596.778454,1810440
1627862400000,2021-08-02,ETHUSDT,2555.5,2666.0,2507.0,2606.93,726701.84952,1887684672.4710493,1596914
1627948800000,2021-08-03,ETHUSDT,2606.92,2632.44,2442.32,2509.04,792960.84375,1986976146.0041504,1701919
1628035200000,2021-08-04,ETHUSDT,2508.51,2772.71,2457.68,2724.78,954590.7536,2498364633.894655,1839302
1628121600000,2021-08-05,ETHUSDT,2724.55,2843.98,2529.91,2826.99,1307720.20654,3553456266.7719693,2690052
1628208000000,2021-08-06,ETHUSDT,2827.01,2946.75,2720.06,2891.58,825399.48637,2334160884.125929,1873337
1628294400000,2021-08-07,ETHUSDT,2891.54,3171.0,2865.5,3160.31,1205277.10095,3673732670.3173537,2318608
1628380800000,2021-08-08,ETHUSDT,3160.48,3189.99,2949.03,3011.85,966349.70579,2979960615.1300263,1771162
1628467200000,2021-08-09,ETHUSDT,3011.84,3186.0,2893.23,3160.52,1129584.61614,3453771928.060336,2114151
1628553600000,2021-08-10,ETHUSDT,3160.51,3233.0,3051.22,3141.66,880675.74443,2763516346.6677885,1824522
1628640000000,2021-08-11,ETHUSDT,3141.14,3274.0,3120.27,3160.5,732546.60433,2351996141.7972207,1786853
1628726400000,2021-08-12,ETHUSDT,3160.4,3239.0,2979.29,3045.96,737628.45808,2283938414.771762,1587719
1628812800000,2021-08-13,ETHUSDT,3046.11,3327.83,3033.8,3322.32,579333.40323,1867199038.7077763,1311322
1628899200000,2021-08-14,ETHUSDT,3322.33,3330.98,3200.0,3263.16,486102.53787,1587713825.686179,1014420
1628985600000,2021-08-15,ETHUSDT,3263.16,3320.0,3111.13,3307.09,565579.67765,1813755247.625386,1224556
1629072000000,2021-08-16,ETHUSDT,3307.35,3335.0,3135.22,3146.53,635667.05422,2062860388.3954492,1940766
1629158400000,2021-08-17,ETHUSDT,3147.18,3290.0,2991.89,3011.72,804996.06971,2535149204.5375986,1644472
1629244800000,2021-08-18,ETHUSDT,3011.73,3125.81,2950.0,3014.55,625103.25568,1902429362.963624,1093813
1629331200000,2021-08-19,ETHUSDT,3014.18,3188.0,2958.33,3184.12,634769.92174,1931520693.610396,1297759
1629417600000,2021-08-20,ETHUSDT,3184.11,3300.0,3177.16,3284.82,558127.4554,1809283029.2179065,1137843
1629504000000,2021-08-21,ETHUSDT,3284.81,3309.16,3207.0,3223.43,421156.09084,1375973641.1631632,777622
1629590400000,2021-08-22,ETHUSDT,3223.36,3272.0,3126.42,3238.0,406479.07654,1304347038.571357,803263
1629676800000,2021-08-23,ETHUSDT,3238.0,3377.89,3230.02,3321.28,602103.44614,2000534992.1483488,1520784
1629763200000,2021-08-24,ETHUSDT,3321.28,3357.85,3147.31,3170.62,540480.07853,1758604481.599847,984324
1629849600000,2021-08-25,ETHUSDT,3170.63,3248.0,3080.0,3226.87,483697.69444,1534476278.2531996,1031704
1629936000000,2021-08-26,ETHUSDT,3226.88,3250.0,3053.3,3093.2,442298.47372,1382397989.4504704,959232
1630022400000,2021-08-27,ETHUSDT,3093.06,3280.0,3060.18,3273.45,451027.80711,1434311977.245256,802187
1630108800000,2021-08-28,ETHUSDT,3273.89,3287.0,3210.31,3244.48,262360.34921,850631439.0532795,539377
1630195200000,2021-08-29,ETHUSDT,3244.75,3285.0,3152.34,3223.47,335806.7827,1078681950.902087,661232
1630281600000,2021-08-30,ETHUSDT,3223.47,3347.95,3143.0,3229.64,625347.27541,2027490192.4973872,1228525
1630368000000,2021-08-31,ETHUSDT,3229.14,3476.0,3188.77,3429.2,863071.13092,2895209449.7077646,1772849
1630454400000,2021-09-01,ETHUSDT,3429.19,3842.0,3382.22,3826.82,845759.95868,3038498667.85424,2022132
1630540800000,2021-09-02,ETHUSDT,3826.82,3836.8,3717.04,3785.82,525165.7996,1981758437.085756,1402190
1630627200000,2021-09-03,ETHUSDT,3785.82,4027.88,3705.05,3938.11,655903.75739,2557662974.330016,1678132
1630713600000,2021-09-04,ETHUSDT,3938.11,3970.0,3832.5,3885.52,364478.1193,1422981232.233712,996623
1630800000000,2021-09-05,ETHUSDT,3885.61,3980.0,3830.0,3950.29,365759.8597,1432553302.476841,1083584
1630886400000,2021-09-06,ETHUSDT,3950.28,3970.0,3864.3,3926.77,397768.5783,1562560096.37577,865160
1630972800000,2021-09-07,ETHUSDT,3926.67,3947.15,3005.0,3434.57,1203536.00209,4298119218.282753,2359100
1631059200000,2021-09-08,ETHUSDT,3434.84,3560.0,3215.16,3499.0,780611.7657,2665272033.9801083,1783652
1631145600000,2021-09-09,ETHUSDT,3499.01,3567.06,3390.4,3424.93,628553.8831,2194182935.3386383,1147283
1631232000000,2021-09-10,ETHUSDT,3424.94,3514.11,3150.0,3208.86,633026.2659,2107283581.30531,1128069
1631318400000,2021-09-11,ETHUSDT,3208.85,3348.37,3200.0,3267.21,413524.1761,1355587141.453793,833958
1631404800000,2021-09-12,ETHUSDT,3267.1,3474.16,3231.1,3404.21,408858.9595,1379322044.6976311,1089138
1631491200000,2021-09-13,ETHUSDT,3404.3,3430.3,3108.49,3285.35,647855.7199,2103663103.067748,1363198
1631577600000,2021-09-14,ETHUSDT,3285.09,3437.05,3269.95,3434.37,373634.9026,1249733657.132103,894664
1631664000000,2021-09-15,ETHUSDT,3434.37,3616.16,3357.78,3613.55,428507.5278,1486156273.791875,977023
1631750400000,2021-09-16,ETHUSDT,3613.55,3676.28,3481.14,3567.98,467985.4919,1680487713.224465,1081868
1631836800000,2021-09-17,ETHUSDT,3567.97,3594.17,3350.07,3399.81,398888.3705,1383268101.5178862,867583
1631923200000,2021-09-18,ETHUSDT,3399.89,3541.96,3368.88,3435.64,315162.7627,1090387917.429689,692204
1632009600000,2021-09-19,ETHUSDT,3435.64,3456.53,3277.74,3328.62,312948.0013,1052980779.84908,687285
1632096000000,2021-09-20,ETHUSDT,3328.57,3347.82,2913.39,2977.28,917939.57849,2834781758.892615,1708278
1632182400000,2021-09-21,ETHUSDT,2977.32,3105.83,2652.0,2765.9,971519.88941,2827179157.4349656,1754962
1632268800000,2021-09-22,ETHUSDT,2766.72,3088.88,2737.54,3076.92,677457.64825,1993084668.614384,1200519
1632355200000,2021-09-23,ETHUSDT,3076.92,3174.5,3033.85,3152.5,459293.8858,1428616217.718121,885568
1632441600000,2021-09-24,ETHUSDT,3152.41,3158.52,2733.0,2928.53,932090.8856,2715718192.370976,1607374
1632528000000,2021-09-25,ETHUSDT,2928.22,2967.52,2801.57,2921.73,491974.0226,1428143403.478111,934301
1632614400000,2021-09-26,ETHUSDT,2921.84,3115.51,2738.17,3059.37,703594.478,2062409598.894876,1347301
1632700800000,2021-09-27,ETHUSDT,3059.36,3164.94,2922.71,2925.59,510130.7319,1564096695.372967,1043885
1632787200000,2021-09-28,ETHUSDT,2924.76,2970.82,2789.0,2804.91,511325.4643,1477983245.669702,928494
1632873600000,2021-09-29,ETHUSDT,2805.15,2950.0,2782.0,2850.45,411305.0893,1180681056.162314,748804
1632960000000,2021-09-30,ETHUSDT,2850.45,3048.42,2837.19,3000.61,506896.7612,1514341937.3071165,992243
1633046400000,2021-10-01,ETHUSDT,3000.62,3330.0,2969.07,3309.91,648714.6151,2063112280.6677911,1446386
1633132800000,2021-10-02,ETHUSDT,3309.91,3469.0,3257.0,3387.76,422551.1811,1417055615.816637,1046194
1633219200000,2021-10-03,ETHUSDT,3387.77,3488.0,3342.51,3417.73,360586.8905,1231536168.315363,816339
1633305600000,2021-10-04,ETHUSDT,3417.73,3437.19,3270.0,3386.31,485204.642,1631562261.554976,1090407
1633392000000,2021-10-05,ETHUSDT,3386.31,3545.0,3363.78,3515.27,393900.8818,1355905889.6109471,1025512
1633478400000,2021-10-06,ETHUSDT,3515.48,3632.11,3342.0,3574.89,618265.5402,2172519696.562985,1444856
1633564800000,2021-10-07,ETHUSDT,3574.88,3653.98,3470.8,3587.47,486102.3591,1736906584.27609,1252503
1633651200000,2021-10-08,ETHUSDT,3587.47,3695.0,3532.0,3563.13,403597.1437,1455713871.2882829,1084792
1633737600000,2021-10-09,ETHUSDT,3563.13,3635.0,3538.07,3574.82,361906.7514,1299757023.4991632,1175683
1633824000000,2021-10-10,ETHUSDT,3574.83,3604.0,3405.0,3414.22,580223.6302,2049128230.3442593,1765439
1633910400000,2021-10-11,ETHUSDT,3414.22,3623.8,3371.0,3542.12,493521.882,1743391083.658808,1110340
1633996800000,2021-10-12,ETHUSDT,3542.12,3547.11,3403.21,3491.46,409377.1918,1425455761.406618,925699
1634083200000,2021-10-13,ETHUSDT,3491.43,3613.0,3412.7,3607.42,393463.1222,1376610269.516408,902525
1634169600000,2021-10-14,ETHUSDT,3607.41,3824.0,3586.04,3790.82,481894.1473,1792792932.944189,1430307
1634256000000,2021-10-15,ETHUSDT,3790.82,3907.77,3734.1,3868.99,504321.732,1924965953.8584993,1399937
1634342400000,2021-10-16,ETHUSDT,3868.38,3971.0,3803.56,3829.96,373727.8549,1452752901.397648,1037769
1634428800000,2021-10-17,ETHUSDT,3829.96,3919.19,3640.0,3846.85,368898.9831,1406207658.840768,1025324
1634515200000,2021-10-18,ETHUSDT,3847.0,3893.14,3676.0,3744.96,401819.9734,1520728621.310328,994548
1634601600000,2021-10-19,ETHUSDT,3744.96,3886.89,3732.0,3877.03,341268.3723,1300066269.9331422,925015
1634688000000,2021-10-20,ETHUSDT,3876.98,4169.0,3828.05,4161.15,537383.09732,2149449047.3673105,1766454
1634774400000,2021-10-21,ETHUSDT,4161.37,4375.0,4013.13,4052.99,798566.55805,3335123440.998212,2380751
1634860800000,2021-10-22,ETHUSDT,4053.0,4167.41,3888.0,3972.2,463222.5428,1872218697.8510969,1133846
1634947200000,2021-10-23,ETHUSDT,3972.19,4172.0,3937.51,4167.12,326576.9601,1323345505.7575169,940891
1635033600000,2021-10-24,ETHUSDT,4167.13,4186.57,3961.5,4082.33,350115.8386,1421627004.334803,917969
1635120000000,2021-10-25,ETHUSDT,4082.33,4236.0,4067.71,4220.37,347438.6534,1445430078.54488,939963
1635206400000,2021-10-26,ETHUSDT,4220.36,4297.0,4090.21,4131.52,414498.1599,1739912498.469915,1285913
1635292800000,2021-10-27,ETHUSDT,4131.52,4307.0,3909.0,3922.0,704604.25,2874313313.398058,1872190
1635379200000,2021-10-28,ETHUSDT,3921.99,4295.0,3890.17,4286.02,626378.5055,2587268364.2614393,1711575
1635465600000,2021-10-29,ETHUSDT,4286.01,4460.47,4265.97,4418.89,559231.07691,2440933126.0486555,1799386
1635552000000,2021-10-30,ETHUSDT,4418.89,4434.06,4232.2,4322.68,340223.069,1469664811.9368348,1035476
1635638400000,2021-10-31,ETHUSDT,4322.68,4399.14,4164.35,4287.21,412856.2893,1764886607.687624,1303438
1635724800000,2021-11-01,ETHUSDT,4287.48,4386.58,4146.3,4319.43,417620.7073,1794319887.30236,1134036
1635811200000,2021-11-02,ETHUSDT,4319.43,4599.6,4284.43,4589.89,468184.79301,2083371519.8068273,1657233
1635897600000,2021-11-03,ETHUSDT,4589.68,4665.87,4455.0,4603.35,448658.35125,2051737308.0126247,1580640
1635984000000,2021-11-04,ETHUSDT,4603.35,4606.65,4420.08,4532.32,368218.25695,1663942873.7930362,1019675
1636070400000,2021-11-05,ETHUSDT,4532.31,4570.05,4438.8,4474.24,305651.7244,1375503505.227947,893068
1636156800000,2021-11-06,ETHUSDT,4474.24,4530.0,4326.17,4518.0,322154.0973,1429791261.319524,868676
1636243200000,2021-11-07,ETHUSDT,4518.0,4637.98,4502.37,4612.59,243596.5952,1115635571.36518,834745
1636329600000,2021-11-08,ETHUSDT,4612.59,4822.97,4612.0,4807.98,391102.31806,1850800839.6928573,1344244
1636416000000,2021-11-09,ETHUSDT,4807.98,4838.28,4713.89,4732.33,311267.57998,1489567265.669691,995668
1636502400000,2021-11-10,ETHUSDT,4732.33,4868.0,4461.93,4628.78,553596.99163,2600175501.160489,1492374
1636588800000,2021-11-11,ETHUSDT,4628.68,4779.0,4576.47,4719.0,303688.9765,1425610198.7424169,909164
1636675200000,2021-11-12,ETHUSDT,4719.0,4809.71,4507.85,4665.46,461580.0415,2146130116.871767,1206412
1636761600000,2021-11-13,ETHUSDT,4665.47,4707.6,4584.08,4644.28,220720.6611,1026142451.546252,731125
1636848000000,2021-11-14,ETHUSDT,4644.27,4696.05,4514.12,4626.5,245309.0674,1126786539.405778,623491
1636934400000,2021-11-15,ETHUSDT,4626.5,4772.01,4540.0,4563.78,375421.6601,1752738875.791921,1061676
1637020800000,2021-11-16,ETHUSDT,4563.77,4563.77,4103.0,4209.76,735857.063,3163788841.066021,1741259
1637107200000,2021-11-17,ETHUSDT,4209.59,4299.91,4063.48,4287.8,472852.1842,1980248927.7112317,1146593
1637193600000,2021-11-18,ETHUSDT,4288.07,4344.81,3956.44,3996.9,576945.1837,2387588164.850108,1319866
1637280000000,2021-11-19,ETHUSDT,3996.9,4308.97,3973.01,4294.76,420045.0897,1740904041.283998,984517
1637366400000,2021-11-20,ETHUSDT,4294.75,4435.88,4199.86,4412.17,365584.578,1577172914.216076,888090
1637452800000,2021-11-21,ETHUSDT,4412.17,4451.0,4242.41,4258.31,340206.3203,1479842945.950397,836925
1637539200000,2021-11-22,ETHUSDT,4259.7,4320.0,4022.74,4085.97,518501.3338,2167112891.8657327,1162581
1637625600000,2021-11-23,ETHUSDT,4086.28,4385.59,4059.62,4339.44,502811.7902,2125825553.2223232,1098270
1637712000000,2021-11-24,ETHUSDT,4339.45,4373.94,4167.65,4269.36,448727.0306,1913428104.737214,990018
1637798400000,2021-11-25,ETHUSDT,4270.1,4550.0,4248.27,4524.85,445868.2434,1962939107.4477448,1123629
1637884800000,2021-11-26,ETHUSDT,4524.48,4551.0,3913.0,4041.2,720245.1612,2994490664.021844,1654553
1637971200000,2021-11-27,ETHUSDT,4041.2,4183.66,4028.34,4095.29,275326.5202,1133169071.3503902,723831
1638057600000,2021-11-28,ETHUSDT,4095.29,4298.51,3964.0,4294.78,346471.3551,1421535999.752079,842343
1638144000000,2021-11-29,ETHUSDT,4294.77,4458.92,4276.89,4444.53,406881.2284,1772611136.392454,947503
1638230400000,2021-11-30,ETHUSDT,4444.54,4753.0,4346.36,4630.26,743024.4662,3391424543.4723835,1808789
1638316800000,2021-12-01,ETHUSDT,4630.25,4778.75,4523.99,4582.95,508198.3105,2382156066.737272,1367302
1638403200000,2021-12-02,ETHUSDT,4582.95,4634.83,4433.0,4511.21,451861.9545,2047468326.802657,1062149
1638489600000,2021-12-03,ETHUSDT,4511.35,4654.88,4032.5,4215.73,677974.8659,2972156867.637412,1516700
1638576000000,2021-12-04,ETHUSDT,4215.01,4238.59,3503.68,4117.25,1111773.1451,4370074804.513231,2264288
1638662400000,2021-12-05,ETHUSDT,4117.25,4248.19,4031.39,4196.44,536325.4413,2224220852.2791967,1088546
1638748800000,2021-12-06,ETHUSDT,4196.44,4376.15,3921.0,4347.59,726742.9638,2991267298.82173,1447061
1638835200000,2021-12-07,ETHUSDT,4347.57,4425.0,4255.92,4306.4,420749.751,1830621575.426944,986492
1638921600000,2021-12-08,ETHUSDT,4306.4,4450.49,4222.95,4436.91,429403.9351,1868281437.565388,991178
1639008000000,2021-12-09,ETHUSDT,4436.91,4488.0,4076.16,4105.64,462173.711,1970732612.694487,1038790
1639094400000,2021-12-10,ETHUSDT,4105.64,4231.08,3887.37,3897.94,563236.5671,2287155262.156313,1098758
1639180800000,2021-12-11,ETHUSDT,3898.31,4097.08,3828.22,4089.37,427853.4343,1711893271.9748611,831899
1639267200000,2021-12-12,ETHUSDT,4089.68,4173.63,3986.25,4130.0,260535.5157,1061361793.041272,591319
1639353600000,2021-12-13,ETHUSDT,4130.0,4142.75,3671.45,3781.93,533467.2307,2068534029.5511043,1144882
1639440000000,2021-12-14,ETHUSDT,3781.92,3882.74,3685.0,3858.99,395145.7462,1499985094.813692,915721
1639526400000,2021-12-15,ETHUSDT,3858.99,4092.22,3643.73,4019.08,542068.0573,2102151850.114585,1238234
1639612800000,2021-12-16,ETHUSDT,4019.54,4113.43,3942.11,3958.11,368780.031,1489983161.888796,848885
1639699200000,2021-12-17,ETHUSDT,3959.11,3994.1,3700.0,3875.42,463370.9225,1789265513.242975,1052871
1639785600000,2021-12-18,ETHUSDT,3875.43,3996.93,3767.01,3959.93,339593.2543,1326617546.276588,740899
1639872000000,2021-12-19,ETHUSDT,3959.93,4032.43,3884.0,3924.14,306006.323,1208752533.5950649,688078
1639958400000,2021-12-20,ETHUSDT,3924.14,3983.37,3753.0,3944.73,366916.4771,1416566980.691001,844070
1640044800000,2021-12-21,ETHUSDT,3944.72,4063.0,3913.21,4014.15,340826.3553,1364232642.488108,799127
1640131200000,2021-12-22,ETHUSDT,4014.41,4074.87,3933.4,3979.51,303191.8076,1215914916.5259368,675826
1640217600000,2021-12-23,ETHUSDT,3979.51,4150.0,3893.23,4111.41,380207.8166,1525274496.506047,911905
1640304000000,2021-12-24,ETHUSDT,4111.41,4134.84,4017.17,4046.36,230741.8072,943327277.447182,593257
1640390400000,2021-12-25,ETHUSDT,4046.35,4137.91,4018.62,4094.83,208126.8805,846912042.129082,515115
1640476800000,2021-12-26,ETHUSDT,4094.36,4105.0,4000.0,4063.56,189309.255,767315615.268866,496076
1640563200000,2021-12-27,ETHUSDT,4063.57,4127.46,4031.0,4037.23,222202.1383,905588409.897739,557284
1640649600000,2021-12-28,ETHUSDT,4037.22,4037.23,3759.36,3792.75,358064.7163,1393962041.501678,846780
1640736000000,2021-12-29,ETHUSDT,3792.75,3827.78,3604.2,3630.19,302753.6375,1136202240.431213,719559
1640822400000,2021-12-30,ETHUSDT,3630.18,3769.1,3585.0,3709.27,249263.7305,921537785.386881,583361
1640908800000,2021-12-31,ETHUSDT,3709.27,3815.0,3622.29,3676.23,268014.2942,1001765030.1381408,617370
1640995200000,2022-01-01,ETHUSDT,3676.22,3776.45,3673.46,3765.54,154143.8968,574718328.452744,408666
1641081600000,2022-01-02,ETHUSDT,3765.54,3857.44,3717.3,3828.27,154791.4263,585374957.73046,450610
1641168000000,2022-01-03,ETHUSDT,3828.11,3853.09,3680.0,3765.89,236245.8586,892944105.5529939,594541
1641254400000,2022-01-04,ETHUSDT,3765.89,3900.73,3713.11,3785.11,288258.5549,1098182607.9257262,676651
1641340800000,2022-01-05,ETHUSDT,3785.1,3848.0,3415.0,3540.63,397942.0363,1464819255.093511,962670
1641427200000,2022-01-06,ETHUSDT,3539.82,3550.43,3300.0,3406.81,496745.7413,1698727637.365026,1006279
1641513600000,2022-01-07,ETHUSDT,3406.81,3416.76,3064.42,3199.24,669631.7262,2149562773.329257,1307591
1641600000000,2022-01-08,ETHUSDT,3198.68,3250.0,3000.0,3080.95,400692.1061,1252795163.486269,814600
1641686400000,2022-01-09,ETHUSDT,3080.98,3211.72,3057.35,3151.97,275874.1643,864505480.881738,591523
1641772800000,2022-01-10,ETHUSDT,3151.97,3185.0,2928.83,3082.68,529818.3866,1616550523.0972009,935157
1641859200000,2022-01-11,ETHUSDT,3082.87,3263.54,3051.8,3239.72,362446.7087,1145852583.62298,668961
1641945600000,2022-01-12,ETHUSDT,3239.73,3411.43,3206.2,3371.26,370465.8015,1226038697.472902,737196
1642032000000,2022-01-13,ETHUSDT,3371.6,3410.0,3233.43,3240.61,336234.8799,1116293607.687924,666486
1642118400000,2022-01-14,ETHUSDT,3240.61,3342.79,3188.0,3307.42,285326.3505,931347172.7628808,572125
1642204800000,2022-01-15,ETHUSDT,3307.42,3371.64,3261.0,3326.04,203100.3778,675484534.6569489,444485
1642291200000,2022-01-16,ETHUSDT,3326.51,3393.6,3269.62,3346.88,210782.2277,701885138.83374,495317
1642377600000,2022-01-17,ETHUSDT,3346.89,3357.57,3141.1,3209.67,284063.6548,922568646.923763,646419
1642464000000,2022-01-18,ETHUSDT,3209.68,3243.87,3082.0,3159.85,299134.2728,943140782.389924,579484
1642550400000,2022-01-19,ETHUSDT,3159.85,3174.87,3000.0,3084.02,332996.5703,1035249881.473593,647383
1642636800000,2022-01-20,ETHUSDT,3084.02,3273.37,2987.15,3001.48,357596.7062,1124982397.8101342,718946
1642723200000,2022-01-21,ETHUSDT,3001.48,3034.12,2403.0,2568.15,1022021.70024,2828122722.883165,1723216
1642809600000,2022-01-22,ETHUSDT,2567.47,2626.0,2300.0,2412.18,1081357.54893,2652383041.9991856,1994513
1642896000000,2022-01-23,ETHUSDT,2412.18,2556.78,2370.8,2539.01,580497.7613,1431696375.6150658,1053655
1642982400000,2022-01-24,ETHUSDT,2539.0,2539.75,2159.0,2439.29,1123134.70389,2592832133.200201,1848889
1643068800000,2022-01-25,ETHUSDT,2439.56,2506.55,2348.96,2458.83,510152.954,1237051148.4309,946366
1643155200000,2022-01-26,ETHUSDT,2459.04,2722.0,2402.03,2462.99,806441.62289,2058599145.3419728,1384921
1643241600000,2022-01-27,ETHUSDT,2463.0,2521.0,2316.43,2424.25,599481.7159,1448742950.4585562,1029204
1643328000000,2022-01-28,ETHUSDT,2424.02,2558.98,2357.88,2544.99,485149.8065,1183543182.408244,884305
1643414400000,2022-01-29,ETHUSDT,2544.99,2636.66,2520.01,2601.43,376666.8246,966725225.782995,656017
1643500800000,2022-01-30,ETHUSDT,2601.43,2640.0,2542.5,2601.68,290770.0859,755039834.5651209,564478
1643587200000,2022-01-31,ETHUSDT,2601.67,2706.77,2476.07,2686.94,444584.851,1154488527.579429,814997
1643673600000,2022-02-01,ETHUSDT,2686.94,2813.0,2673.52,2787.23,390034.27362,1075341490.803359,790343
1643760000000,2022-02-02,ETHUSDT,2787.48,2810.88,2612.72,2680.67,447852.1228,1215958780.122614,819863
1643846400000,2022-02-03,ETHUSDT,2680.25,2726.64,2576.05,2695.46,405043.3931,1068724165.6218232,726013
1643932800000,2022-02-04,ETHUSDT,2695.21,2995.0,2671.4,2994.99,664002.9328,1889746043.715049,1235215
1644019200000,2022-02-05,ETHUSDT,2994.99,3060.47,2958.01,3012.65,356803.3071,1073972573.3486729,730502
1644105600000,2022-02-06,ETHUSDT,3012.64,3074.56,2950.21,3054.99,249394.5966,749957614.968609,522276
1644192000000,2022-02-07,ETHUSDT,3055.0,3186.0,2991.8,3139.77,455070.2529,1410603197.756882,898923
1644278400000,2022-02-08,ETHUSDT,3139.77,3232.87,3025.21,3116.69,514773.5837,1602652876.881495,910882
1644364800000,2022-02-09,ETHUSDT,3116.69,3269.7,3055.0,3243.94,370267.8913,1171445663.9642222,738015
1644451200000,2022-02-10,ETHUSDT,3243.6,3283.66,3056.74,3072.49,578212.8383,1839815885.635639,1039160
1644537600000,2022-02-11,ETHUSDT,3072.36,3138.62,2879.0,2927.54,462025.8751,1404238408.5178418,912879
1644624000000,2022-02-12,ETHUSDT,2927.54,2985.98,2858.3,2918.88,336250.3131,981432045.703354,608416
1644710400000,2022-02-13,ETHUSDT,2918.58,2954.4,2836.7,2871.13,242751.3547,705260941.483037,444540
1644796800000,2022-02-14,ETHUSDT,2871.14,2964.97,2829.01,2929.75,381778.238,1107566192.889658,607853
1644883200000,2022-02-15,ETHUSDT,2929.75,3196.19,2912.06,3183.52,448971.754,1381094746.2108111,795924
1644969600000,2022-02-16,ETHUSDT,3183.53,3186.77,3044.03,3122.3,319997.6244,999219896.168787,633447
1645056000000,2022-02-17,ETHUSDT,3122.31,3160.0,2851.55,2891.87,488693.2624,1467352492.887897,840552
1645142400000,2022-02-18,ETHUSDT,2891.88,2943.97,2750.0,2779.48,502977.4069,1428246802.953186,742459
1645228800000,2022-02-19,ETHUSDT,2779.3,2830.96,2694.45,2763.63,293838.0025,812399991.5545299,474447
1645315200000,2022-02-20,ETHUSDT,2763.63,2764.64,2576.0,2621.99,386384.904,1023095361.857724,615990
1645401600000,2022-02-21,ETHUSDT,2621.99,2759.51,2558.0,2568.02,761838.9858,2030019705.1472368,1116485
1645488000000,2022-02-22,ETHUSDT,2568.03,2665.74,2500.0,2636.29,692639.4942,1787436157.6082668,1047915
1645574400000,2022-02-23,ETHUSDT,2636.28,2753.55,2575.83,2579.71,504470.1412,1347740672.085344,839481
1645660800000,2022-02-24,ETHUSDT,2579.7,2740.0,2300.0,2596.2,1395732.7753,3417715584.1870246,1774038
1645747200000,2022-02-25,ETHUSDT,2596.26,2834.97,2571.72,2768.49,679394.1762,1818778014.6036112,1102014
1645833600000,2022-02-26,ETHUSDT,2768.05,2878.0,2727.5,2779.47,418485.2529,1169315477.8095,781683
1645920000000,2022-02-27,ETHUSDT,2779.47,2836.33,2557.98,2616.79,650198.7785,1757950720.803781,1149184
1646006400000,2022-02-28,ETHUSDT,2616.79,2951.6,2568.62,2920.95,733794.4488,2004492152.838274,1203874
1646092800000,2022-03-01,ETHUSDT,2920.83,3037.94,2854.09,2976.33,673901.6976,1983738648.0916271,1237486
1646179200000,2022-03-02,ETHUSDT,2976.33,3043.91,2914.21,2947.3,614623.7461,1828572588.461256,1050193
1646265600000,2022-03-03,ETHUSDT,2947.31,2970.97,2785.0,2833.99,446192.2353,1282099960.458349,770738
1646352000000,2022-03-04,ETHUSDT,2834.0,2836.17,2573.0,2622.1,556178.7588,1499282207.4827938,934846
1646438400000,2022-03-05,ETHUSDT,2622.11,2685.12,2589.38,2665.15,268730.3036,709708518.862464,531829
1646524800000,2022-03-06,ETHUSDT,2665.16,2676.29,2535.0,2551.29,336487.9099,881200532.285509,528787
1646611200000,2022-03-07,ETHUSDT,2551.3,2649.0,2445.0,2491.12,620171.6787,1575658962.1356418,870430
1646697600000,2022-03-08,ETHUSDT,2491.12,2624.0,2480.15,2575.97,561659.7421,1438848034.008704,812094
1646784000000,2022-03-09,ETHUSDT,2575.98,2775.85,2567.7,2726.98,562771.7403,1524779168.022153,840331
1646870400000,2022-03-10,ETHUSDT,2726.98,2733.25,2550.27,2606.7,559029.9377,1460470256.475736,740676
1646956800000,2022-03-11,ETHUSDT,2606.69,2676.78,2522.57,2556.86,494583.6568,1281060913.835518,684407
1647043200000,2022-03-12,ETHUSDT,2556.86,2616.79,2553.39,2568.8,219236.5711,567134036.896676,327122
1647129600000,2022-03-13,ETHUSDT,2568.8,2603.32,2493.0,2515.65,316942.1601,811775081.5579939,444352
1647216000000,2022-03-14,ETHUSDT,2515.66,2609.6,2498.67,2589.41,386630.1912,991479973.091494,609122
1647302400000,2022-03-15,ETHUSDT,2589.42,2669.0,2507.0,2617.73,461202.3014,1189436494.535537,686797
1647388800000,2022-03-16,ETHUSDT,2617.74,2788.0,2603.38,2773.81,666224.7217,1792497068.36131,1055171
1647475200000,2022-03-17,ETHUSDT,2773.8,2836.0,2746.42,2811.92,379312.541,1058301299.033757,597885
1647561600000,2022-03-18,ETHUSDT,2811.91,2984.0,2765.59,2938.92,556535.7966,1590887965.7613502,794774
1647648000000,2022-03-19,ETHUSDT,2938.84,2987.7,2890.86,2950.84,325971.5398,961244629.511118,556406
1647734400000,2022-03-20,ETHUSDT,2950.85,2964.17,2817.21,2861.38,377608.8214,1089196046.052685,651827
1647820800000,2022-03-21,ETHUSDT,2861.39,2960.57,2829.81,2890.03,450223.9073,1305282353.585495,690648
1647907200000,2022-03-22,ETHUSDT,2890.03,3052.85,2886.43,2969.64,564868.9839,1692559175.066055,920670
1647993600000,2022-03-23,ETHUSDT,2969.64,3045.2,2920.65,3036.0,453962.7298,1350911495.416662,813052
1648080000000,2022-03-24,ETHUSDT,3035.99,3129.11,2999.11,3110.76,577171.5239,1768485489.446136,853822
1648166400000,2022-03-25,ETHUSDT,3110.75,3193.28,3076.0,3102.14,489099.5572,1532535177.9170525,745999
1648252800000,2022-03-26,ETHUSDT,3102.13,3153.2,3084.9,3145.0,207134.847,646551585.682247,403089
1648339200000,2022-03-27,ETHUSDT,3145.01,3299.37,3126.02,3295.65,335467.4145,1072163952.322084,645675
1648425600000,2022-03-28,ETHUSDT,3295.65,3431.15,3275.01,3332.92,527237.1133,1766636914.051384,964079
1648512000000,2022-03-29,ETHUSDT,3332.91,3481.87,3329.68,3400.51,465899.8226,1590016971.388558,884317
1648598400000,2022-03-30,ETHUSDT,3400.51,3446.9,3331.84,3385.79,356082.5231,1206555998.567904,675015
1648684800000,2022-03-31,ETHUSDT,3385.8,3444.83,3261.35,3281.51,455091.2395,1526047563.602515,770564
1648771200000,2022-04-01,ETHUSDT,3281.51,3481.29,3210.68,3455.21,532169.2392,1780259682.532936,883079
1648857600000,2022-04-02,ETHUSDT,3455.2,3532.2,3433.14,3443.77,499893.29,1740311567.806437,763785
1648944000000,2022-04-03,ETHUSDT,3443.77,3580.34,3412.11,3521.91,381581.7683,1334671716.892238,619758
1649030400000,2022-04-04,ETHUSDT,3521.9,3547.0,3405.97,3519.5,449984.1586,1564866359.686716,810677
1649116800000,2022-04-05,ETHUSDT,3519.5,3555.0,3400.0,3406.99,397782.7437,1383264215.874245,674184
1649203200000,2022-04-06,ETHUSDT,3407.0,3407.5,3162.39,3168.51,736273.1047,2411228209.9869847,1098773
1649289600000,2022-04-07,ETHUSDT,3168.52,3268.98,3143.15,3227.19,458179.3272,1470465124.58207,706382
1649376000000,2022-04-08,ETHUSDT,3227.2,3314.02,3173.52,3192.39,502422.5048,1634901495.6453218,810752
1649462400000,2022-04-09,ETHUSDT,3192.39,3268.4,3181.28,3258.57,212444.2566,683630508.1590351,386154
1649548800000,2022-04-10,ETHUSDT,3258.57,3307.22,3193.0,3203.04,232303.2326,756032282.614135,439811
1649635200000,2022-04-11,ETHUSDT,3203.04,3213.63,2950.0,2979.74,693394.2912,2127486125.62208,969832
1649721600000,2022-04-12,ETHUSDT,2979.75,3085.0,2950.0,3027.66,579522.9505,1750871209.720005,742214
1649808000000,2022-04-13,ETHUSDT,3027.65,3128.97,2996.86,3118.28,419101.494,1285303924.978813,623328
1649894400000,2022-04-14,ETHUSDT,3118.28,3145.0,2976.3,3021.98,408382.5572,1249759777.271426,540399
1649980800000,2022-04-15,ETHUSDT,3021.98,3060.92,2993.13,3040.56,249626.2981,755644733.7342659,388136
1650067200000,2022-04-16,ETHUSDT,3040.57,3086.1,3010.03,3059.3,176352.4165,536234354.297344,298000
1650153600000,2022-04-17,ETHUSDT,3059.3,3083.0,2981.7,2988.06,243772.074,742151590.621933,389959
1650240000000,2022-04-18,ETHUSDT,2988.07,3069.6,2883.22,3055.56,510251.6536,1508168472.867298,703622
1650326400000,2022-04-19,ETHUSDT,3055.56,3131.0,3030.34,3101.77,359375.0038,1106468538.117098,521060
1650412800000,2022-04-20,ETHUSDT,3101.74,3166.5,3036.45,3076.04,415000.0685,1285353922.303612,571292
1650499200000,2022-04-21,ETHUSDT,3076.03,3180.0,2942.31,2983.58,562699.697,1736496193.473973,719659
1650585600000,2022-04-22,ETHUSDT,2983.57,3034.32,2930.35,2962.39,452433.082,1350044345.250315,604084
1650672000000,2022-04-23,ETHUSDT,2962.39,2978.03,2913.89,2933.03,187576.7324,554261385.85153,348435
1650758400000,2022-04-24,ETHUSDT,2933.04,2967.06,2912.09,2921.0,218957.0222,643702920.89106,354013
1650844800000,2022-04-25,ETHUSDT,2920.99,3025.65,2797.01,3006.62,619198.3616,1789151245.6765049,804935
1650931200000,2022-04-26,ETHUSDT,3006.63,3039.54,2767.0,2809.67,531184.3504,1544470478.04639,775652
1651017600000,2022-04-27,ETHUSDT,2809.68,2919.87,2794.46,2888.96,488951.2416,1401317315.552324,669916
1651104000000,2022-04-28,ETHUSDT,2888.95,2980.0,2853.83,2936.93,537392.9978,1567476627.9086828,736818
1651190400000,2022-04-29,ETHUSDT,2936.92,2946.46,2776.63,2817.13,525978.147,1503869186.333024,678273
1651276800000,2022-04-30,ETHUSDT,2817.13,2841.63,2709.26,2726.66,367757.2469,1028113961.632706,577285
1651363200000,2022-05-01,ETHUSDT,2726.67,2849.9,2716.13,2824.81,442544.8792,1230927404.406151,539462
1651449600000,2022-05-02,ETHUSDT,2824.81,2894.22,2778.78,2856.54,521706.8567,1476062750.216177,625431
1651536000000,2022-05-03,ETHUSDT,2856.54,2861.47,2755.19,2781.7,371331.1796,1046307600.938906,490176
1651622400000,2022-05-04,ETHUSDT,2781.7,2965.85,2771.74,2940.64,548738.0668,1572901182.250391,742950
1651708800000,2022-05-05,ETHUSDT,2940.65,2954.65,2683.0,2747.97,734845.3194,2055752498.216567,935371
1651795200000,2022-05-06,ETHUSDT,2747.96,2758.18,2632.95,2692.85,711449.3234,1918267933.165302,813458
1651881600000,2022-05-07,ETHUSDT,2692.86,2704.36,2584.75,2635.34,371271.4532,987464053.430564,505005
1651968000000,2022-05-08,ETHUSDT,2635.35,2642.0,2484.0,2519.71,757615.3415,1930282594.6590688,867730
1652054400000,2022-05-09,ETHUSDT,2519.71,2530.78,2225.0,2228.55,1574924.9793,3725676633.1362967,1758980
1652140800000,2022-05-10,ETHUSDT,2229.0,2457.34,2200.0,2342.05,1550626.1387,3650912006.062748,1851225
1652227200000,2022-05-11,ETHUSDT,2342.04,2451.37,2005.0,2084.99,2022864.83806,4605757119.998099,2825340
1652313600000,2022-05-12,ETHUSDT,2084.99,2195.0,1800.0,1960.22,2305192.90836,4485518775.573885,2958830
1652400000000,2022-05-13,ETHUSDT,1960.22,2147.54,1940.23,2009.69,1134042.3387,2355144482.314068,1380079
1652486400000,2022-05-14,ETHUSDT,2009.69,2070.06,1951.21,2056.48,563788.3078,1136170835.745817,794510
1652572800000,2022-05-15,ETHUSDT,2056.47,2167.0,2000.68,2145.29,514398.2587,1067795595.552432,677163
1652659200000,2022-05-16,ETHUSDT,2145.29,2145.29,1979.12,2023.66,822070.8531,1672324751.612644,1046115
1652745600000,2022-05-17,ETHUSDT,2023.66,2122.42,2008.0,2090.72,568249.0448,1175068276.038261,820184
1652832000000,2022-05-18,ETHUSDT,2090.72,2110.72,1908.0,1915.11,631577.2341,1262292139.414203,803676
1652918400000,2022-05-19,ETHUSDT,1915.11,2040.39,1903.18,2019.55,741476.9794,1461787984.391026,946509
1653004800000,2022-05-20,ETHUSDT,2019.55,2064.0,1923.0,1959.08,576981.5371,1151839844.6079671,840589
1653091200000,2022-05-21,ETHUSDT,1959.08,1990.86,1937.36,1975.07,238869.7632,470714672.584742,417873
1653177600000,2022-05-22,ETHUSDT,1975.06,2056.41,1966.33,2043.19,355735.1927,715445185.6278391,540257
1653264000000,2022-05-23,ETHUSDT,2043.19,2088.5,1957.12,1973.32,636085.0224,1296599784.113311,809254
1653350400000,2022-05-24,ETHUSDT,1973.33,1993.83,1913.02,1979.41,534096.972,1047864199.932369,598082
1653436800000,2022-05-25,ETHUSDT,1979.4,2022.34,1934.61,1942.63,524786.3091,1034922798.4226848,600224
1653523200000,2022-05-26,ETHUSDT,1942.64,1966.01,1735.0,1792.23,1168740.57514,2157585473.515414,1124028
1653609600000,2022-05-27,ETHUSDT,1792.24,1822.26,1703.0,1727.27,1296693.28537,2284866824.037575,1226454
1653696000000,2022-05-28,ETHUSDT,1727.26,1808.98,1722.26,1792.22,558271.1818,988074924.5510888,645423
1653782400000,2022-05-29,ETHUSDT,1792.21,1827.4,1759.96,1813.64,432430.611,776046677.0579289,447003
1653868800000,2022-05-30,ETHUSDT,1813.64,2013.0,1803.18,1998.78,814922.8359,1557925971.047644,848129
1653955200000,2022-05-31,ETHUSDT,1998.78,2016.45,1925.0,1941.9,751103.4226,1477853073.7677538,791367
1654041600000,2022-06-01,ETHUSDT,1941.9,1972.58,1763.75,1817.95,1037841.2706,1954005475.2304208,973159
1654128000000,2022-06-02,ETHUSDT,1817.96,1853.05,1782.42,1834.08,788784.4017,1434781730.184754,793304
1654214400000,2022-06-03,ETHUSDT,1834.09,1843.91,1737.0,1775.12,741282.5346,1319239612.462907,807046
1654300800000,2022-06-04,ETHUSDT,1775.13,1816.0,1748.43,1804.58,388279.4579,689062742.981284,402734
1654387200000,2022-06-05,ETHUSDT,1804.58,1830.17,1773.05,1806.23,371974.5061,670583716.9563911,403935
1654473600000,2022-06-06,ETHUSDT,1806.22,1920.0,1804.35,1859.84,804250.3567,1509754495.64725,817039
1654560000000,2022-06-07,ETHUSDT,1859.84,1874.98,1725.13,1813.33,1397598.2288,2491786694.534087,1225296
1654646400000,2022-06-08,ETHUSDT,1813.33,1838.77,1765.28,1791.88,941510.1373,1696874614.3843482,820627
1654732800000,2022-06-09,ETHUSDT,1791.88,1833.0,1777.33,1788.81,535310.9618,963245550.8431592,528098
1654819200000,2022-06-10,ETHUSDT,1788.8,1804.32,1655.93,1662.91,955035.79239,1648304410.4463153,990969
1654905600000,2022-06-11,ETHUSDT,1662.91,1682.21,1496.74,1532.89,1220325.2542,1914818053.8337584,1030360
1654992000000,2022-06-12,ETHUSDT,1532.89,1547.0,1423.0,1434.84,1563225.37018,2311178755.269472,1192382
1655078400000,2022-06-13,ETHUSDT,1434.84,1455.0,1165.45,1209.82,3626351.66536,4611744120.817471,3047112
1655164800000,2022-06-14,ETHUSDT,1209.35,1268.45,1075.8,1208.9,2716493.80131,3217818700.124193,2225812
1655251200000,2022-06-15,ETHUSDT,1208.9,1250.0,1014.4,1237.52,3114823.13621,3493040697.137657,2868796
1655337600000,2022-06-16,ETHUSDT,1237.53,1257.85,1051.55,1068.5,1447386.8304,1649596819.734239,1443117
1655424000000,2022-06-17,ETHUSDT,1068.5,1118.0,1051.11,1086.94,1220677.9491,1329091114.650089,1118997
1655510400000,2022-06-18,ETHUSDT,1086.93,1097.58,881.56,995.13,2308983.5187,2263399396.7537208,1911260
1655596800000,2022-06-19,ETHUSDT,995.12,1158.62,936.15,1128.53,2018599.4499,2092850317.9513967,1796154
1655683200000,2022-06-20,ETHUSDT,1128.53,1170.0,1053.0,1128.24,1721772.9132,1910020862.813687,1585055
1655769600000,2022-06-21,ETHUSDT,1128.24,1194.0,1109.23,1125.85,1306095.3757,1500605189.5725389,1295971
1655856000000,2022-06-22,ETHUSDT,1125.86,1127.33,1043.65,1050.19,1306959.8593,1420433701.91995,1132300
1655942400000,2022-06-23,ETHUSDT,1050.19,1155.0,1045.3,1144.72,1278257.0899,1415452039.241517,1031001
1656028800000,2022-06-24,ETHUSDT,1144.71,1245.43,1132.0,1225.02,1337137.483,1589113478.228719,1232149
1656115200000,2022-06-25,ETHUSDT,1225.02,1256.77,1180.0,1242.36,861986.6177,1048516642.219459,824872
1656201600000,2022-06-26,ETHUSDT,1242.31,1280.0,1194.6,1197.79,884184.273,1094067725.453475,812743
1656288000000,2022-06-27,ETHUSDT,1197.79,1238.93,1172.49,1192.51,868734.2061,1047407117.877672,794157
1656374400000,2022-06-28,ETHUSDT,1192.51,1237.99,1136.32,1144.05,1104065.2211,1314982778.267405,952584
1656460800000,2022-06-29,ETHUSDT,1144.05,1156.8,1087.42,1100.21,1295517.796,1449586742.872254,1145867
1656547200000,2022-06-30,ETHUSDT,1100.21,1106.62,998.0,1071.01,1420670.3656,1481000138.963289,1180758
1656633600000,2022-07-01,ETHUSDT,1071.02,1117.0,1033.44,1059.73,1562255.1439,1669000120.550048,1218279
1656720000000,2022-07-02,ETHUSDT,1059.73,1078.88,1028.29,1067.01,714812.0804,752813687.0277101,608900
1656806400000,2022-07-03,ETHUSDT,1067.01,1088.34,1040.78,1074.26,644746.3337,686056543.195206,562962
1656892800000,2022-07-04,ETHUSDT,1074.26,1160.9,1045.37,1151.0,1150108.9861,1266934953.326424,842895
1656979200000,2022-07-05,ETHUSDT,1151.01,1174.9,1076.34,1132.5,1398961.4495,1578654373.510018,1130646
1657065600000,2022-07-06,ETHUSDT,1132.51,1205.0,1111.44,1186.57,1211768.0757,1388074909.874991,1040498
1657152000000,2022-07-07,ETHUSDT,1186.57,1254.29,1163.18,1237.49,1001316.079,1208160386.3383129,877397
1657238400000,2022-07-08,ETHUSDT,1237.49,1276.46,1193.15,1214.04,1189518.3631,1466331923.650613,1233964
1657324800000,2022-07-09,ETHUSDT,1214.03,1235.4,1204.67,1217.02,576337.1809,702039918.5469049,716361
1657411200000,2022-07-10,ETHUSDT,1217.02,1219.95,1153.0,1168.36,1018038.6506,1200593502.215751,680105
1657497600000,2022-07-11,ETHUSDT,1168.37,1171.29,1091.71,1096.4,1201652.3048,1370709630.7961102,1165044
1657584000000,2022-07-12,ETHUSDT,1096.37,1098.26,1033.46,1038.58,1261349.6321,1347752238.274621,1142194
1657670400000,2022-07-13,ETHUSDT,1038.58,1119.18,1006.32,1115.0,2035605.8299,2158672347.758078,1423956
1657756800000,2022-07-14,ETHUSDT,1115.01,1214.65,1072.11,1193.42,1605101.9262,1816929082.732882,1611421
1657843200000,2022-07-15,ETHUSDT,1193.42,1287.82,1181.05,1231.25,1466037.2584,1794058728.7845209,1170632
1657929600000,2022-07-16,ETHUSDT,1231.25,1422.91,1191.23,1355.85,1493809.9226,1936527899.3254912,1678529
1658016000000,2022-07-17,ETHUSDT,1355.84,1387.0,1319.04,1338.65,1246202.8795,1687064377.6984198,1163593
1658102400000,2022-07-18,ETHUSDT,1338.65,1597.47,1336.07,1581.04,2029918.76521,2980357374.792685,1750043
1658188800000,2022-07-19,ETHUSDT,1581.03,1631.0,1493.11,1542.32,1846048.6816,2856463586.860909,1818358
1658275200000,2022-07-20,ETHUSDT,1542.33,1620.4,1484.23,1521.58,1351177.4247,2109332407.426856,1506300
1658361600000,2022-07-21,ETHUSDT,1521.63,1605.98,1463.56,1575.45,1247327.4963,1897833300.9977632,1282430
1658448000000,2022-07-22,ETHUSDT,1575.45,1650.05,1516.11,1535.27,1170723.0873,1865036182.28467,1295899
1658534400000,2022-07-23,ETHUSDT,1535.27,1596.51,1488.0,1548.67,851284.7339,1310964570.1894782,950665
1658620800000,2022-07-24,ETHUSDT,1548.66,1664.34,1545.67,1597.7,1009935.8997,1616289077.6288748,1238522
1658707200000,2022-07-25,ETHUSDT,1597.7,1609.55,1435.58,1440.79,1418390.9809,2151224738.816661,1407648
1658793600000,2022-07-26,ETHUSDT,1440.79,1454.11,1356.17,1449.12,1199643.7408,1684928509.399578,1175787
1658880000000,2022-07-27,ETHUSDT,1449.12,1644.44,1420.83,1635.74,1513426.0413,2305847817.810582,1547390
1658966400000,2022-07-28,ETHUSDT,1635.74,1784.79,1593.27,1724.52,1578145.07555,2644280824.310781,1719118
1659052800000,2022-07-29,ETHUSDT,1724.52,1765.99,1655.02,1721.68,1205266.5703,2061258807.226787,1439533
1659139200000,2022-07-30,ETHUSDT,1721.68,1744.85,1673.01,1697.0,735132.5286,1257726968.665854,1028313
1659225600000,2022-07-31,ETHUSDT,1697.0,1754.69,1666.0,1678.12,696326.8079,1186613538.121665,886708
1659312000000,2022-08-01,ETHUSDT,1678.12,1704.68,1606.12,1630.28,801566.5648,1328136208.959454,1029570
1659398400000,2022-08-02,ETHUSDT,1630.28,1678.0,1559.28,1630.91,1081964.5104,1745550410.998945,1458878
1659484800000,2022-08-03,ETHUSDT,1630.91,1685.03,1589.71,1618.16,777724.7413,1276328467.022254,1112406
1659571200000,2022-08-04,ETHUSDT,1618.16,1662.79,1580.39,1607.96,735552.181,1190650505.1489458,1051634
1659657600000,2022-08-05,ETHUSDT,1607.97,1742.07,1605.64,1736.81,1005846.4712,1688798692.3073308,1404516
1659744000000,2022-08-06,ETHUSDT,1736.81,1749.93,1685.26,1690.6,523314.6444,899479880.987209,752873
1659830400000,2022-08-07,ETHUSDT,1690.6,1729.79,1668.0,1700.19,439904.764,745750151.382087,692491
1659916800000,2022-08-08,ETHUSDT,1700.2,1818.0,1693.87,1777.05,781620.5443,1379905145.703021,987727
1660003200000,2022-08-09,ETHUSDT,1777.05,1790.83,1667.93,1702.76,818171.1019,1406671817.0856729,1062267
1660089600000,2022-08-10,ETHUSDT,1702.76,1885.0,1656.78,1853.57,1317767.5127,2346974815.067056,1590681
1660176000000,2022-08-11,ETHUSDT,1853.58,1942.0,1850.32,1880.19,1105261.9009,2093718964.800632,1324999
1660262400000,2022-08-12,ETHUSDT,1880.19,1964.71,1853.06,1958.28,717628.1015,1363895150.810113,1027178
1660348800000,2022-08-13,ETHUSDT,1958.28,2020.0,1946.5,1983.55,695876.0293,1382235354.292491,940869
1660435200000,2022-08-14,ETHUSDT,1983.55,2030.0,1906.0,1935.31,569583.4852,1122186881.223951,856767
1660521600000,2022-08-15,ETHUSDT,1935.32,2012.47,1872.31,1899.06,949162.3305,1824203091.9956672,1295615
1660608000000,2022-08-16,ETHUSDT,1899.05,1915.0,1853.0,1876.67,622729.1499,1173013843.338048,908578
1660694400000,2022-08-17,ETHUSDT,1876.67,1959.43,1818.74,1834.25,951824.8975,1781033503.423426,1179058
1660780800000,2022-08-18,ETHUSDT,1834.24,1882.37,1821.25,1846.39,606254.024,1126844899.607746,848806
1660867200000,2022-08-19,ETHUSDT,1846.39,1848.0,1602.37,1609.01,1419826.9515,2447147973.0058913,1681256
1660953600000,2022-08-20,ETHUSDT,1609.0,1657.08,1523.67,1576.04,914615.9226,1468671141.090122,1130991
1661040000000,2022-08-21,ETHUSDT,1576.03,1646.52,1562.34,1618.13,780662.6062,1255041865.224435,1000876
1661126400000,2022-08-22,ETHUSDT,1618.13,1629.72,1529.92,1624.66,941192.8954,1483442567.236265,1193059
1661212800000,2022-08-23,ETHUSDT,1624.65,1676.07,1563.76,1665.41,940246.932,1528222432.851831,1195279
1661299200000,2022-08-24,ETHUSDT,1665.4,1694.13,1604.92,1656.56,744667.6078,1228169659.887394,993324
1661385600000,2022-08-25,ETHUSDT,1656.56,1722.0,1653.68,1695.11,603090.713,1023691864.190439,869479
1661472000000,2022-08-26,ETHUSDT,1695.11,1706.45,1486.85,1508.18,1149912.8292,1862598061.318201,1488212
1661558400000,2022-08-27,ETHUSDT,1508.18,1518.42,1447.52,1491.06,756136.6768,1125859038.154537,1015752
1661644800000,2022-08-28,ETHUSDT,1491.06,1511.0,1424.0,1426.76,544846.4486,805616000.7392259,756843
1661731200000,2022-08-29,ETHUSDT,1426.76,1559.99,1422.08,1551.8,826252.0831,1230281044.880169,1099487
1661817600000,2022-08-30,ETHUSDT,1551.79,1606.13,1473.61,1524.59,1003075.0172,1551625838.9383235,1292499
1661904000000,2022-08-31,ETHUSDT,1524.59,1619.78,1524.59,1554.1,949227.6775,1497596316.300993,1471691
1661990400000,2022-09-01,ETHUSDT,1554.11,1599.0,1512.77,1586.16,728710.482,1133222116.032772,1195229
1662076800000,2022-09-02,ETHUSDT,1586.17,1650.0,1546.41,1575.35,919009.6598,1471855448.359926,1160858
1662163200000,2022-09-03,ETHUSDT,1575.35,1582.71,1534.28,1557.46,321397.2189,500057144.51821697,562893
1662249600000,2022-09-04,ETHUSDT,1557.45,1583.66,1540.66,1579.28,296591.1166,463177013.875988,520856
1662336000000,2022-09-05,ETHUSDT,1579.29,1631.99,1556.56,1617.8,503492.937,797702531.3990461,718867
1662422400000,2022-09-06,ETHUSDT,1617.8,1687.4,1555.0,1559.01,1010722.8578,1650513284.852848,1294086
1662508800000,2022-09-07,ETHUSDT,1559.01,1657.5,1490.66,1630.0,850991.4243,1326011621.853752,1132986
1662595200000,2022-09-08,ETHUSDT,1630.0,1663.56,1595.06,1635.37,645124.0085,1050551822.40818,1015658
1662681600000,2022-09-09,ETHUSDT,1635.37,1746.13,1630.51,1718.23,837458.2126,1425281242.15555,1066278
1662768000000,2022-09-10,ETHUSDT,1718.24,1789.0,1706.03,1774.12,411046.2466,713890164.182501,687951
1662854400000,2022-09-11,ETHUSDT,1774.12,1789.0,1720.1,1766.11,409287.7263,720937620.963401,645729
1662940800000,2022-09-12,ETHUSDT,1766.12,1783.0,1693.0,1716.37,630774.6032,1093457780.4845,979874
1663027200000,2022-09-13,ETHUSDT,1716.37,1760.51,1560.54,1574.4,1134549.7256,1871967439.6495528,1337439
1663113600000,2022-09-14,ETHUSDT,1574.4,1647.01,1552.38,1638.39,764562.5393,1222499363.046366,1088561
1663200000000,2022-09-15,ETHUSDT,1638.4,1655.2,1458.0,1472.75,1335499.8047,2095367507.332334,1748683
1663286400000,2022-09-16,ETHUSDT,1472.76,1483.35,1405.52,1433.9,693597.2425,1006033555.1974808,1111984
1663372800000,2022-09-17,ETHUSDT,1433.9,1476.13,1409.12,1468.83,421391.3743,608805593.714315,694945
1663459200000,2022-09-18,ETHUSDT,1468.82,1469.63,1325.55,1334.51,804113.468,1118416540.560697,990605
1663545600000,2022-09-19,ETHUSDT,1334.51,1393.35,1280.0,1375.98,974855.198,1293086590.941432,1235360
1663632000000,2022-09-20,ETHUSDT,1375.98,1384.78,1312.71,1322.93,658027.1465,889324871.236183,981235
1663718400000,2022-09-21,ETHUSDT,1322.94,1408.9,1220.0,1245.78,1192266.7379,1582450799.9374712,1445950
1663804800000,2022-09-22,ETHUSDT,1245.79,1350.08,1237.32,1326.46,904282.2725,1165151398.830096,1094636
1663891200000,2022-09-23,ETHUSDT,1326.47,1360.0,1262.15,1327.25,974052.3644,1273403019.6925218,1233506
1663977600000,2022-09-24,ETHUSDT,1327.24,1349.33,1306.52,1317.13,517557.3497,687931980.008602,616390
1664064000000,2022-09-25,ETHUSDT,1317.13,1337.0,1269.27,1294.63,515533.8409,674560079.1823391,640687
1664150400000,2022-09-26,ETHUSDT,1294.62,1340.42,1277.85,1336.17,799166.4333,1048795559.3588568,934159
1664236800000,2022-09-27,ETHUSDT,1336.17,1400.0,1303.75,1328.02,860584.8944,1170630640.626625,1055212
1664323200000,2022-09-28,ETHUSDT,1328.01,1355.7,1253.2,1337.2,919314.9131,1199743172.3853009,1075441
1664409600000,2022-09-29,ETHUSDT,1337.2,1352.02,1288.52,1335.7,770591.6895,1022673511.086711,950476
1664496000000,2022-09-30,ETHUSDT,1335.69,1373.19,1313.35,1328.72,740753.611,991505362.2653072,926935
1664582400000,2022-10-01,ETHUSDT,1328.71,1333.69,1302.68,1311.79,252081.9056,332930112.025412,347396
1664668800000,2022-10-02,ETHUSDT,1311.79,1317.93,1270.0,1276.72,371740.0407,482595051.28171694,462476
1664755200000,2022-10-03,ETHUSDT,1276.72,1329.9,1263.04,1323.09,483775.2435,631178676.535611,598748
1664841600000,2022-10-04,ETHUSDT,1323.1,1369.55,1318.66,1361.49,476207.6702,641511283.398288,771766
1664928000000,2022-10-05,ETHUSDT,1361.5,1364.77,1316.29,1352.2,483508.7782,649745323.368146,695638
1665014400000,2022-10-06,ETHUSDT,1352.2,1383.99,1345.01,1352.06,573975.324,783638743.1557021,789673
1665100800000,2022-10-07,ETHUSDT,1352.07,1361.75,1317.26,1331.1,491999.8776,659508723.3540529,679464
1665187200000,2022-10-08,ETHUSDT,1331.1,1337.35,1303.51,1315.48,203391.6612,269448439.339348,383251
1665273600000,2022-10-09,ETHUSDT,1315.48,1329.0,1307.26,1323.13,186201.9185,245547831.320531,328378
1665360000000,2022-10-10,ETHUSDT,1323.13,1338.0,1288.0,1290.03,393663.0114,515800751.338415,587314
1665446400000,2022-10-11,ETHUSDT,1290.03,1298.0,1267.01,1280.11,429430.3941,550448836.809297,583107
1665532800000,2022-10-12,ETHUSDT,1280.11,1306.87,1275.25,1294.44,369712.5759,478797824.541982,477911
1665619200000,2022-10-13,ETHUSDT,1294.44,1301.58,1190.0,1287.08,945618.3163,1183462907.930145,1135833
1665705600000,2022-10-14,ETHUSDT,1287.08,1343.12,1283.39,1296.27,669742.8093,883059208.714464,788710
1665792000000,2022-10-15,ETHUSDT,1296.26,1301.69,1263.64,1274.92,287100.9529,368914560.65821296,396464
1665878400000,2022-10-16,ETHUSDT,1274.93,1315.35,1274.67,1305.95,293321.3632,379290237.639458,397092
1665964800000,2022-10-17,ETHUSDT,1305.96,1338.57,1295.64,1331.4,459848.4941,606979972.119024,553275
1666051200000,2022-10-18,ETHUSDT,1331.39,1341.73,1286.72,1310.71,572728.9189,755297911.29191,603600
1666137600000,2022-10-19,ETHUSDT,1310.71,1313.5,1280.31,1285.09,368637.5105,478516630.18702304,472022
1666224000000,2022-10-20,ETHUSDT,1285.09,1310.87,1270.36,1282.57,428531.6103,552593958.212735,558080
1666310400000,2022-10-21,ETHUSDT,1282.57,1306.97,1252.65,1299.75,468076.7986,600999941.1065329,572819
1666396800000,2022-10-22,ETHUSDT,1299.76,1320.2,1294.32,1313.61,221776.7007,290111447.628081,323066
1666483200000,2022-10-23,ETHUSDT,1313.62,1371.55,1299.44,1364.2,432269.46,576212623.600304,496386
1666569600000,2022-10-24,ETHUSDT,1364.19,1370.6,1324.17,1343.61,611830.797,822740466.673396,698241
1666656000000,2022-10-25,ETHUSDT,1343.61,1525.16,1334.94,1459.74,1127932.9012,1612140846.3051572,1205998
1666742400000,2022-10-26,ETHUSDT,1459.74,1594.99,1457.44,1566.1,1236044.7023,1896388070.249785,1357864
1666828800000,2022-10-27,ETHUSDT,1566.11,1578.58,1503.2,1514.05,869454.4851,1345399838.037334,1122874
1666915200000,2022-10-28,ETHUSDT,1514.04,1574.9,1479.82,1554.41,858954.4425,1309517416.2411408,999855
1667001600000,2022-10-29,ETHUSDT,1554.4,1663.06,1547.66,1619.55,914161.0846,1477815830.639173,1094332
1667088000000,2022-10-30,ETHUSDT,1619.55,1640.06,1576.56,1590.44,476036.4243,762732547.091583,705583
1667174400000,2022-10-31,ETHUSDT,1590.45,1635.8,1545.43,1572.69,810334.2414,1283098004.765737,1024808
1667260800000,2022-11-01,ETHUSDT,1572.69,1612.92,1563.69,1578.48,527539.2965,836251567.424643,702747
1667347200000,2022-11-02,ETHUSDT,1578.47,1621.68,1502.32,1518.34,981395.3648,1534786415.439207,1171091
1667433600000,2022-11-03,ETHUSDT,1518.33,1559.01,1515.17,1531.01,560202.8813,863253444.76684,678608
1667520000000,2022-11-04,ETHUSDT,1531.01,1680.0,1528.4,1644.78,935531.4781,1503427052.720768,1072186
1667606400000,2022-11-05,ETHUSDT,1644.78,1666.97,1621.42,1626.98,351385.5362,577061606.733728,480888
1667692800000,2022-11-06,ETHUSDT,1626.98,1639.02,1564.39,1568.29,414863.9525,668569491.577513,545053
1667779200000,2022-11-07,ETHUSDT,1568.25,1608.04,1545.03,1568.1,642409.4494,1013046543.9804392,851962
1667865600000,2022-11-08,ETHUSDT,1568.09,1579.98,1233.0,1334.77,2339916.5089,3356475001.5459046,2874276
1667952000000,2022-11-09,ETHUSDT,1334.78,1337.16,1073.53,1102.73,2494797.9357,3021176147.3961606,3172468
1668038400000,2022-11-10,ETHUSDT,1102.73,1350.0,1085.93,1299.28,1975955.6767,2443394252.530366,2800795
1668124800000,2022-11-11,ETHUSDT,1299.28,1310.0,1201.26,1289.28,1308087.1498,1652414528.520891,2118330
1668211200000,2022-11-12,ETHUSDT,1289.35,1292.16,1238.7,1257.25,547772.9172,693031301.598889,933438
1668297600000,2022-11-13,ETHUSDT,1257.25,1274.23,1200.66,1221.49,547410.5304,676891239.244159,896665
1668384000000,2022-11-14,ETHUSDT,1221.5,1291.2,1171.13,1243.28,934742.0059,1152982945.602032,1471485
1668470400000,2022-11-15,ETHUSDT,1243.29,1291.0,1234.01,1253.23,632825.568,798023541.208052,961779
1668556800000,2022-11-16,ETHUSDT,1253.22,1268.67,1187.06,1216.17,673339.7215,826025937.8362911,969295
1668643200000,2022-11-17,ETHUSDT,1216.16,1228.22,1181.05,1200.43,530537.3488,638342419.855931,719509
1668729600000,2022-11-18,ETHUSDT,1200.42,1234.0,1199.18,1212.58,360218.5337,437658373.674359,493436
1668816000000,2022-11-19,ETHUSDT,1212.58,1235.0,1197.67,1217.67,209789.5888,254211466.151609,330573
1668902400000,2022-11-20,ETHUSDT,1217.67,1227.07,1132.65,1142.21,531108.7607,625008081.79912,693003
1668988800000,2022-11-21,ETHUSDT,1142.21,1146.99,1079.76,1107.34,922647.9454,1031424505.498328,1063296
1669075200000,2022-11-22,ETHUSDT,1107.34,1146.13,1075.0,1139.6,748884.5791,831782462.696527,899796
1669161600000,2022-11-23,ETHUSDT,1139.59,1190.0,1127.75,1184.52,636927.1594,741271142.4300979,767861
1669248000000,2022-11-24,ETHUSDT,1184.52,1217.71,1180.6,1203.73,486080.6123,583303022.423642,616769
1669334400000,2022-11-25,ETHUSDT,1203.72,1207.77,1171.2,1199.3,391430.1658,465159072.75730497,581961
1669420800000,2022-11-26,ETHUSDT,1199.29,1235.66,1196.2,1205.6,379840.8116,461938380.00420094,566155
1669507200000,2022-11-27,ETHUSDT,1205.61,1223.33,1188.65,1193.88,286386.7986,347218857.867976,458378
1669593600000,2022-11-28,ETHUSDT,1193.88,1199.25,1151.02,1167.77,478795.6093,560568777.560251,708380
1669680000000,2022-11-29,ETHUSDT,1167.77,1228.37,1158.27,1216.49,512143.5861,617963786.601915,789552
1669766400000,2022-11-30,ETHUSDT,1216.49,1309.77,1212.5,1294.46,815679.2717,1038748742.503758,985173
1669852800000,2022-12-01,ETHUSDT,1294.46,1299.9,1262.77,1276.41,430018.7391,550769676.044084,587711
1669939200000,2022-12-02,ETHUSDT,1276.4,1297.18,1265.24,1295.59,371559.585,475691291.45506305,547512
1670025600000,2022-12-03,ETHUSDT,1295.58,1309.0,1236.26,1240.51,347148.2588,441457418.331919,594082
1670112000000,2022-12-04,ETHUSDT,1240.5,1287.19,1240.1,1279.41,324129.5466,409404653.048475,498321
1670198400000,2022-12-05,ETHUSDT,1279.4,1305.11,1246.61,1259.41,391628.5166,501560285.69950897,612914
1670284800000,2022-12-06,ETHUSDT,1259.41,1274.76,1241.56,1271.32,301631.839,379095106.35530496,471097
1670371200000,2022-12-07,ETHUSDT,1271.31,1278.69,1218.01,1231.18,398559.5166,492706380.526734,530298
1670457600000,2022-12-08,ETHUSDT,1231.18,1292.58,1222.01,1280.18,406653.5447,509776313.42383903,559884
1670544000000,2022-12-09,ETHUSDT,1280.18,1296.64,1250.0,1263.1,406008.0032,518804946.77146894,540078
1670630400000,2022-12-10,ETHUSDT,1263.11,1283.61,1259.6,1266.35,182278.6396,231301933.590191,322453
1670716800000,2022-12-11,ETHUSDT,1266.35,1284.75,1255.85,1263.01,180494.902,229443304.733031,314531
1670803200000,2022-12-12,ETHUSDT,1263.0,1278.9,1240.03,1275.4,363750.5481,456347758.27784306,489887
1670889600000,2022-12-13,ETHUSDT,1275.41,1349.0,1255.1,1320.69,659393.8825,859595295.378895,813791
1670976000000,2022-12-14,ETHUSDT,1320.69,1352.72,1301.0,1307.44,554465.5717,734778540.993996,548806
1671062400000,2022-12-15,ETHUSDT,1307.45,1311.14,1259.27,1266.54,390051.2447,499233719.98567903,445162
1671148800000,2022-12-16,ETHUSDT,1266.53,1280.06,1155.32,1166.83,751422.2779,907833696.288013,883071
1671235200000,2022-12-17,ETHUSDT,1166.82,1190.03,1161.92,1187.16,328881.6281,387145994.352974,443309
1671321600000,2022-12-18,ETHUSDT,1187.16,1199.54,1170.32,1183.06,252260.144,298608427.352787,385205
1671408000000,2022-12-19,ETHUSDT,1183.06,1195.0,1150.51,1167.82,296832.7228,349312990.374414,443756
1671494400000,2022-12-20,ETHUSDT,1167.82,1230.47,1163.12,1216.94,465184.1943,561079146.680025,624202
1671580800000,2022-12-21,ETHUSDT,1216.95,1223.39,1203.02,1213.78,245723.8377,297776619.126343,413931
1671667200000,2022-12-22,ETHUSDT,1213.78,1237.99,1182.54,1217.71,336761.6598,406520096.76670897,488758
1671753600000,2022-12-23,ETHUSDT,1217.72,1231.99,1210.0,1219.99,278604.2882,340146608.67751,439410
1671840000000,2022-12-24,ETHUSDT,1219.98,1227.99,1214.69,1220.41,123701.5301,150864338.673479,296993
1671926400000,2022-12-25,ETHUSDT,1220.42,1225.0,1193.18,1218.51,231652.0612,280833354.711449,379422
1672012800000,2022-12-26,ETHUSDT,1218.52,1231.09,1211.67,1228.11,162723.0857,198389481.179895,308520
1672099200000,2022-12-27,ETHUSDT,1228.12,1233.73,1200.58,1211.55,262437.6398,319100139.542709,372190
1672185600000,2022-12-28,ETHUSDT,1211.55,1215.78,1181.06,1190.15,367828.8914,439875906.99219507,474792
1672272000000,2022-12-29,ETHUSDT,1190.15,1206.57,1186.77,1200.49,249130.4869,298245107.21298,377201
1672358400000,2022-12-30,ETHUSDT,1200.48,1202.15,1181.08,1199.99,266014.2115,317524824.577787,364383
1672444800000,2022-12-31,ETHUSDT,1199.98,1208.46,1191.66,1196.13,139379.2811,167161720.78087,261569
1672531200000,2023-01-01,ETHUSDT,1196.13,1204.67,1190.57,1200.34,117762.0685,141014996.655708,233151
1672617600000,2023-01-02,ETHUSDT,1200.33,1224.29,1193.0,1214.0,252794.14,306657437.527479,330000
1672704000000,2023-01-03,ETHUSDT,1213.99,1219.89,1204.93,1214.55,205519.4944,249325343.252245,296709
1672790400000,2023-01-04,ETHUSDT,1214.56,1272.6,1212.71,1256.9,457799.6648,571805761.1580551,526420
1672876800000,2023-01-05,ETHUSDT,1256.91,1259.95,1242.81,1251.24,272805.33,341379819.27811,339445
1672963200000,2023-01-06,ETHUSDT,1251.25,1276.7,1236.0,1269.14,342344.2023,429648347.11260307,444840
1673049600000,2023-01-07,ETHUSDT,1269.13,1271.09,1261.3,1264.07,129474.2884,163760550.011656,242794
1673136000000,2023-01-08,ETHUSDT,1264.06,1296.0,1257.77,1290.16,213636.7848,271373377.530058,341498
1673222400000,2023-01-09,ETHUSDT,1290.15,1344.91,1285.44,1320.39,581727.6968,766640085.9303969,667559
1673308800000,2023-01-10,ETHUSDT,1320.4,1347.69,1316.8,1335.62,459660.2307,611680590.741332,467419
1673395200000,2023-01-11,ETHUSDT,1335.63,1398.0,1321.04,1389.39,472465.9556,635118946.429521,534745
1673481600000,2023-01-12,ETHUSDT,1389.4,1438.0,1361.92,1415.92,877712.4492,1231660847.868249,873540
1673568000000,2023-01-13,ETHUSDT,1415.91,1464.0,1401.03,1451.2,499377.8649,709963291.541629,670535
1673654400000,2023-01-14,ETHUSDT,1451.21,1599.98,1449.14,1549.9,940691.7774,1444283818.1891708,1187799
1673740800000,2023-01-15,ETHUSDT,1549.91,1566.66,1516.03,1552.52,387832.7138,596626752.2978431,590180
1673827200000,2023-01-16,ETHUSDT,1552.52,1604.5,1521.31,1576.94,574622.8953,897953752.929984,802443
1673913600000,2023-01-17,ETHUSDT,1576.94,1609.0,1541.15,1565.57,506771.7219,797552620.1873369,703325
1674000000000,2023-01-18,ETHUSDT,1565.56,1610.0,1501.39,1511.43,752534.8857,1172243167.729863,913587
1674086400000,2023-01-19,ETHUSDT,1511.44,1564.43,1509.15,1551.09,308679.4645,473220810.93493,477203
1674172800000,2023-01-20,ETHUSDT,1551.09,1669.9,1542.02,1658.52,440570.9974,702227917.870663,710633
1674259200000,2023-01-21,ETHUSDT,1658.53,1679.26,1616.21,1626.66,494248.6009,815990095.346851,648695
1674345600000,2023-01-22,ETHUSDT,1626.65,1663.89,1604.0,1627.44,431729.6909,703883818.6174049,550009
1674432000000,2023-01-23,ETHUSDT,1627.43,1648.09,1585.29,1626.29,407267.1156,662442276.006642,602844
1674518400000,2023-01-24,ETHUSDT,1626.28,1641.46,1535.0,1555.97,462275.3243,742483248.778448,664260
1674604800000,2023-01-25,ETHUSDT,1555.97,1641.0,1518.0,1611.94,646474.9166,1010958308.523259,832576
1674691200000,2023-01-26,ETHUSDT,1611.95,1632.84,1577.43,1601.09,532777.8466,856294452.549072,661710
1674777600000,2023-01-27,ETHUSDT,1601.08,1621.0,1552.54,1597.62,512093.3875,810894459.592812,721339
1674864000000,2023-01-28,ETHUSDT,1597.61,1606.83,1555.99,1572.1,313675.6574,496009423.632769,461988
1674950400000,2023-01-29,ETHUSDT,1572.1,1660.0,1566.33,1644.72,551767.9134,892135111.0285101,747055
1675036800000,2023-01-30,ETHUSDT,1644.73,1647.53,1535.0,1566.2,595055.3281,945663093.9181168,783703
1675123200000,2023-01-31,ETHUSDT,1566.21,1605.18,1561.63,1585.33,348856.6751,550862274.1476929,565125
1675209600000,2023-02-01,ETHUSDT,1585.32,1647.77,1555.18,1641.68,474617.1709,757974339.888151,795274
1675296000000,2023-02-02,ETHUSDT,1641.67,1714.68,1626.85,1643.12,629188.8874,1052104526.872657,939545
1675382400000,2023-02-03,ETHUSDT,1643.12,1676.0,1625.93,1663.52,464815.032,766949169.4304221,714675
1675468800000,2023-02-04,ETHUSDT,1663.52,1695.29,1645.43,1666.38,308227.1295,514857995.985798,559308
1675555200000,2023-02-05,ETHUSDT,1666.39,1673.81,1609.3,1629.02,413579.6748,680127291.926744,680427
1675641600000,2023-02-06,ETHUSDT,1629.01,1658.56,1605.01,1614.29,384119.4197,626831152.687586,636588
1675728000000,2023-02-07,ETHUSDT,1614.28,1678.37,1613.14,1671.03,451922.4,743635216.728552,746572
1675814400000,2023-02-08,ETHUSDT,1671.03,1697.91,1630.47,1650.43,417966.2539,695793337.577435,671033
1675900800000,2023-02-09,ETHUSDT,1650.42,1656.17,1524.4,1545.35,658011.6964,1054014372.583392,973879
1675987200000,2023-02-10,ETHUSDT,1545.35,1555.01,1490.0,1513.06,484654.2199,743164643.511499,682215
1676073600000,2023-02-11,ETHUSDT,1513.05,1543.0,1505.0,1538.51,289691.5708,440657107.728338,440506
1676160000000,2023-02-12,ETHUSDT,1538.5,1548.02,1493.08,1514.83,286758.374,438014692.308034,490609
1676246400000,2023-02-13,ETHUSDT,1514.82,1526.1,1461.93,1505.24,643152.3904,959644223.335073,788402
1676332800000,2023-02-14,ETHUSDT,1505.25,1569.0,1482.66,1555.71,668964.3768,1021642935.3139752,861338
1676419200000,2023-02-15,ETHUSDT,1555.7,1680.0,1542.55,1674.92,581207.8586,928452953.9450488,852734
1676505600000,2023-02-16,ETHUSDT,1674.92,1742.97,1633.72,1637.84,832723.6731,1408096156.866216,1220762
1676592000000,2023-02-17,ETHUSDT,1637.83,1722.0,1630.51,1693.87,579934.663,970891863.058295,940022
1676678400000,2023-02-18,ETHUSDT,1693.81,1713.13,1679.77,1691.62,267305.7813,452969773.61025,457982
1676764800000,2023-02-19,ETHUSDT,1691.62,1726.59,1666.14,1679.75,401023.0477,680092027.331298,634114
1676851200000,2023-02-20,ETHUSDT,1679.74,1719.89,1650.56,1703.27,451314.8335,765198951.9635769,752116
1676937600000,2023-02-21,ETHUSDT,1703.27,1716.66,1636.3,1659.76,520354.4688,874136698.2845911,837901
1677024000000,2023-02-22,ETHUSDT,1659.77,1666.95,1595.07,1643.14,528875.4809,861982489.016571,887617
1677110400000,2023-02-23,ETHUSDT,1643.15,1679.0,1628.75,1650.53,501305.9717,829754759.565515,849095
1677196800000,2023-02-24,ETHUSDT,1650.52,1664.66,1575.64,1607.8,512515.4982,831164574.11824,829249
1677283200000,2023-02-25,ETHUSDT,1607.8,1608.98,1557.33,1594.58,290188.0391,462128193.10439295,532834
1677369600000,2023-02-26,ETHUSDT,1594.58,1651.26,1587.76,1641.36,308607.9941,499002379.52012897,544008
1677456000000,2023-02-27,ETHUSDT,1641.37,1665.22,1608.0,1633.45,431861.4129,707841123.057607,679771
1677542400000,2023-02-28,ETHUSDT,1633.45,1647.52,1596.66,1605.23,393523.1647,640150766.3112049,626287
1677628800000,2023-03-01,ETHUSDT,1605.24,1669.72,1595.0,1665.22,474456.8235,780632253.606366,725546
1677715200000,2023-03-02,ETHUSDT,1665.23,1677.86,1619.18,1647.86,423023.8082,694364877.504408,644400
1677801600000,2023-03-03,ETHUSDT,1647.86,1649.25,1544.39,1569.45,742816.5976,1166573996.744236,1008133
1677888000000,2023-03-04,ETHUSDT,1569.45,1577.53,1549.12,1566.73,237640.2606,371865636.794456,442158
1677974400000,2023-03-05,ETHUSDT,1566.74,1588.77,1553.05,1564.58,299240.7415,469729098.462738,505034
1678060800000,2023-03-06,ETHUSDT,1564.57,1583.49,1554.44,1565.84,307709.3011,482146763.966397,495130
1678147200000,2023-03-07,ETHUSDT,1565.84,1584.49,1536.14,1561.96,437947.9032,682865640.744412,601157
1678233600000,2023-03-08,ETHUSDT,1561.95,1570.89,1523.61,1532.38,460101.7658,714552395.9932791,647197
1678320000000,2023-03-09,ETHUSDT,1532.38,1546.45,1408.0,1437.32,718485.1364,1072396877.907578,914935
1678406400000,2023-03-10,ETHUSDT,1437.32,1439.43,1368.39,1426.44,960262.4509,1353741388.827259,1155209
1678492800000,2023-03-11,ETHUSDT,1426.43,1478.07,1408.4,1471.97,1374859.6201,1987926852.348374,1467256
1678579200000,2023-03-12,ETHUSDT,1471.93,1594.19,1448.3,1580.33,1002355.0929,1506839740.469654,1253899
1678665600000,2023-03-13,ETHUSDT,1580.33,1693.49,1565.0,1673.45,1228063.6053,1992277884.7963407,1671283
1678752000000,2023-03-14,ETHUSDT,1673.44,1780.02,1655.24,1699.4,1283321.2355,2195733827.910122,1750035
1678838400000,2023-03-15,ETHUSDT,1699.41,1716.9,1611.0,1649.96,963142.4833,1602460705.895695,1388384
1678924800000,2023-03-16,ETHUSDT,1649.95,1691.42,1632.18,1673.73,627985.6119,1040043241.140285,1004406
1679011200000,2023-03-17,ETHUSDT,1673.73,1800.0,1662.65,1789.27,907528.2825,1569265196.452905,1293055
1679097600000,2023-03-18,ETHUSDT,1789.26,1841.0,1747.47,1758.84,711614.731,1280189359.4245489,1115890
1679184000000,2023-03-19,ETHUSDT,1758.84,1841.36,1757.92,1780.68,541131.8908,972006261.580209,919093
1679270400000,2023-03-20,ETHUSDT,1780.67,1803.05,1722.0,1732.78,682848.1248,1205036446.951221,1083767
1679356800000,2023-03-21,ETHUSDT,1732.77,1835.0,1717.01,1801.23,742348.4999,1324018564.211035,1166036
1679443200000,2023-03-22,ETHUSDT,1801.23,1819.98,1710.12,1734.33,891287.6009,1581074700.20938,1286030
1679529600000,2023-03-23,ETHUSDT,1734.34,1857.16,1729.35,1813.79,732061.103,1312199315.5775049,1074713
1679616000000,2023-03-24,ETHUSDT,1813.78,1818.99,1726.4,1749.57,564770.1417,1001546184.532135,855600
1679702400000,2023-03-25,ETHUSDT,1749.57,1763.23,1713.09,1741.88,355679.3743,620341997.183512,620651
1679788800000,2023-03-26,ETHUSDT,1741.88,1801.0,1739.31,1773.88,354933.2372,627660488.27267,592618
1679875200000,2023-03-27,ETHUSDT,1773.88,1780.48,1686.13,1715.22,570563.5023,987197970.21984,810253
1679961600000,2023-03-28,ETHUSDT,1715.21,1795.73,1701.13,1772.99,536511.3973,935507384.149678,766887
1680048000000,2023-03-29,ETHUSDT,1773.0,1827.99,1772.48,1793.07,536865.5972,967342311.082234,810500
1680134400000,2023-03-30,ETHUSDT,1793.06,1829.69,1763.0,1793.61,579690.0394,1039397383.7804,876484
1680220800000,2023-03-31,ETHUSDT,1793.6,1847.28,1777.91,1821.52,554525.4762,1006896937.025254,902956
1680307200000,2023-04-01,ETHUSDT,1821.52,1842.83,1807.81,1820.79,272904.9674,497460628.07619107,579259
1680393600000,2023-04-02,ETHUSDT,1820.8,1824.81,1771.7,1794.51,322122.9385,580909276.164171,637705
1680480000000,2023-04-03,ETHUSDT,1794.51,1839.99,1762.77,1810.51,628503.6619,1131436800.437073,1098681
1680566400000,2023-04-04,ETHUSDT,1810.51,1891.91,1802.01,1870.37,622208.6411,1151551698.653268,1087425
1680652800000,2023-04-05,ETHUSDT,1870.38,1942.98,1864.58,1908.69,548595.5155,1045846831.791563,1077031
1680739200000,2023-04-06,ETHUSDT,1908.68,1909.91,1853.7,1872.41,396241.4352,743618300.024,916688
1680825600000,2023-04-07,ETHUSDT,1872.41,1882.61,1841.46,1863.72,284256.4873,528718750.378566,829061
1680912000000,2023-04-08,ETHUSDT,1863.73,1879.38,1847.0,1848.82,197905.5407,368792680.929658,902787
1680998400000,2023-04-09,ETHUSDT,1848.82,1873.99,1824.01,1858.92,287131.3079,529878494.840373,953458
1681084800000,2023-04-10,ETHUSDT,1858.91,1918.79,1846.4,1910.2,434739.7984,816212712.862947,586284
1681171200000,2023-04-11,ETHUSDT,1910.21,1937.37,1881.11,1889.86,405203.4892,774389695.845932,590527
1681257600000,2023-04-12,ETHUSDT,1889.86,1933.0,1852.65,1917.39,630844.4186,1195663632.078732,801456
1681344000000,2023-04-13,ETHUSDT,1917.4,2023.0,1899.55,2012.01,676164.5188,1333377092.124591,911569
1681430400000,2023-04-14,ETHUSDT,2012.0,2128.76,2009.22,2099.99,896307.3934,1877719501.123732,1182309
1681516800000,2023-04-15,ETHUSDT,2099.99,2111.85,2071.13,2090.6,321823.7851,674260851.49151,505299
1681603200000,2023-04-16,ETHUSDT,2090.61,2141.54,2072.72,2118.67,319880.4393,673034613.415835,529231
1681689600000,2023-04-17,ETHUSDT,2118.66,2120.51,2056.25,2074.0,426972.7071,889433328.786508,674817
1681776000000,2023-04-18,ETHUSDT,2073.99,2125.0,2051.0,2103.5,414244.6135,867291463.569828,636801
1681862400000,2023-04-19,ETHUSDT,2103.51,2104.6,1923.03,1933.73,775389.0602,1547934187.8590202,1116849
1681948800000,2023-04-20,ETHUSDT,1933.74,1982.99,1914.43,1942.98,625336.2495,1218184973.299396,869619
1682035200000,2023-04-21,ETHUSDT,1942.98,1957.27,1825.0,1848.78,688876.6186,1306179482.091942,868887
1682121600000,2023-04-22,ETHUSDT,1848.77,1887.31,1841.64,1874.16,331007.5879,616579601.311765,451499
1682208000000,2023-04-23,ETHUSDT,1874.17,1882.01,1836.37,1862.0,344514.3444,641362428.689366,463928
1682294400000,2023-04-24,ETHUSDT,1862.01,1890.0,1806.0,1841.84,447864.0517,826968889.241232,682824
1682380800000,2023-04-25,ETHUSDT,1841.84,1877.86,1801.66,1866.1,457870.6047,839226421.3782461,631766
1682467200000,2023-04-26,ETHUSDT,1866.1,1964.72,1785.0,1866.01,897709.7298,1695903568.960903,1182620
1682553600000,2023-04-27,ETHUSDT,1866.01,1940.96,1861.19,1908.68,727472.9466,1383094120.67767,959609
1682640000000,2023-04-28,ETHUSDT,1908.68,1923.88,1873.94,1890.94,387630.7791,736203306.614156,574483
1682726400000,2023-04-29,ETHUSDT,1890.93,1918.0,1883.05,1907.8,182046.1406,346028241.295737,335962
1682812800000,2023-04-30,ETHUSDT,1907.79,1939.0,1866.16,1870.09,355336.4888,677913240.814662,552933
1682899200000,2023-05-01,ETHUSDT,1870.08,1886.49,1806.12,1830.73,445519.1779,818821593.694849,647788
1682985600000,2023-05-02,ETHUSDT,1830.73,1881.87,1822.94,1870.08,373753.2027,690907892.110455,563768
1683072000000,2023-05-03,ETHUSDT,1870.09,1916.52,1842.64,1905.12,465185.2501,871222153.959792,751579
1683158400000,2023-05-04,ETHUSDT,1905.12,1918.26,1866.71,1877.07,354528.6144,670584503.6596191,525802
1683244800000,2023-05-05,ETHUSDT,1877.07,1998.36,1875.65,1993.3,546608.875,1061183389.068112,803612
1683331200000,2023-05-06,ETHUSDT,1993.3,2019.0,1860.0,1896.33,608106.9915,1169939393.312777,868626
